Organization,Followed On
Murdoch University,Wed Oct 07 06:03:25 UTC 2020
Edith Cowan University,Wed Oct 07 06:03:25 UTC 2020
WA Data Science Innovation Hub,Wed Oct 07 06:03:24 UTC 2020
CSIRO's Data61,Wed Oct 07 06:03:00 UTC 2020
Curtin University,Wed Oct 07 06:02:49 UTC 2020
CSIRO,Wed Oct 07 06:02:46 UTC 2020
AIP Publishing,Mon Jul 06 11:22:51 UTC 2020
UWA Young Alumni Network,Tue Jun 02 12:54:55 UTC 2020
Transforming Maintenance through Data Science; an ARC Training Centre,Wed May 20 10:43:18 UTC 2020
Inside Higher Ed,Sat Mar 19 03:19:27 UTC 2016
TechCrunch,Sat Mar 19 03:19:11 UTC 2016
The University of Western Australia,Sat Jul 27 06:35:28 UTC 2013