Notes:
"When exporting your connection data, you may notice that some of the email addresses are missing. You will only see email addresses for connections who have allowed their connections to see or download their email address using this setting https://www.linkedin.com/psettings/privacy/email. You can learn more here https://www.linkedin.com/help/linkedin/answer/261"

First Name,Last Name,Email Address,Company,Position,Connected On
André,Mafei,,Upmize Ltda. (Brazil) - Google Analytics & Google Tag Manager Consulting,Founder & Consultant,03 Dec 2020
Glenn,Wilson,,Halliburton,Product Manager - Subsea Solutions,24 Nov 2020
Manolis,Veveakis,,Duke University,Assistant Professor,20 Nov 2020
Renee,Ralph,,The Brilliant Foundation,Co-Founder,04 Nov 2020
David,Moorecroft,,QUECWA,Quantum Computing Developer,29 Oct 2020
MD. SHOHUG,HOSSAIN,,Space Research and Remote Sensing Organization,Research Assistant,29 Oct 2020
Armfield,Ltd,,Armfield Ltd,Social Media Manager,27 Oct 2020
Alisha ,Gupton  ,,IT Company,Web Developer,25 Oct 2020
Michael,Stewart,,The University of Western Australia,Research Associate,21 Oct 2020
Audrey,J. P,,Cointelegraph,Public Relations Specialist,19 Oct 2020
Ziyu,Zhao,,The University of Western Australia,PHD Candidate,10 Oct 2020
Kwok Tung,Lo,,The Hong Kong Polytechnic University,Associate Professor,09 Oct 2020
Manu,Sam,manusam.chiramel@gmail.com,Mercedes-Benz Research and Development India,eApplications Administrator (external) ,06 Oct 2020
Adam,Sadilek,,Google,Software Engineer,30 Sep 2020
Usman Mustafa,"Syed, CMM, CRL",,Aramis Group,Maintenance Development Engineer,27 Sep 2020
Renaud,Seigneuric,,Ministère des Affaires étrangères français,Attaché for Science / Science Diplomat,27 Sep 2020
Javad,Khoshnavaz,,Zamin Sanjesh Rayan (GeoRayan),Research And Development Manager,18 Sep 2020
Neosh,Sheikh,,OHCWA,Student Dentist,16 Sep 2020
Konstantinos,Kaloudis,,Consiglio Nazionale delle Ricerche,Postdoctoral Researcher,12 Sep 2020
Puspa,Publishing House,,International Journal of Bio-resource and Stress Management,Agriculture and Biology,10 Sep 2020
Webster,Gova,,Flash Group,Data Scientist,09 Sep 2020
Mika,Sillanpaa,,Florida International University,Visiting Professor,07 Sep 2020
Ichika,E,,eSciRes,Managing Editor,06 Sep 2020
Hai,Dong,,RMIT University,Lecturer in Computer Science,06 Sep 2020
Major General John,Hartley AO (Retd),,Future Directions International,Institute Director and CEO,05 Sep 2020
Suba Soundarya,Santhi Anandhan,,BioLim Centre for Science & Technology,Online internship on Research Associate Role in Life Sciences (Cell and Molecular Biology) ,04 Sep 2020
Shivani,Mishra,,uCertify.com,Manager of Instructor Care,28 Aug 2020
George,Magalhaes,,Banco do Brasil,Assessor,26 Aug 2020
Elinor,Randell,,MalagaVet - Veterinary Hospital & Surgery,Registered Veterinary Nurse,23 Aug 2020
Dr. Anupam,Das,,Cotton University,Assistant Professor,21 Aug 2020
忠金,国,,齐鲁工业大学  泰山学院,北京工业大学博士后,19 Aug 2020
Jean-François,Semblat,,ENSTA ParisTech - École Nationale Supérieure de Techniques Avancées,Professeur,17 Aug 2020
Thiago,Ribeiro,,Pontifícia Universidade Católica do Rio de Janeiro,Researcher at the Laboratory of Mineral and Environmental Technology,16 Aug 2020
Anthony,Bosco,,Telethon Kids Institute,"Group Leader, Systems Immunology",16 Aug 2020
Arnaldo,Pereira Neto,,Savvi,Gerente Comercial,16 Aug 2020
Pradeep,Sundriyal,,KnowledgeRiver GmbH,Sales Manager,14 Aug 2020
Johan,Suykens,,KU Leuven,Professor,13 Aug 2020
Müştak E.,Yalçın,,IEEE Transactions on Circuits and Systems Part II: Express Briefs,Associate Editor,11 Aug 2020
Kevin,Smith,,PHC Research Pty Ltd,CEO,11 Aug 2020
Reena,Strehle,,Reena Strehle,Balance Coach,10 Aug 2020
Michael,Tobar,,UWA,Prof.,05 Aug 2020
Beenish,Ehsan,,Ayub Agricultural Biotechnology Research Institute,Student Researcher,31 Jul 2020
University Physics,Society,,,,30 Jul 2020
Gemma,Wade,,The University of Western Australia,Academic Services Officer,29 Jul 2020
Fiona,Allan,,The University of Western Australia,Chief Advancement Officer,28 Jul 2020
Amit,Chakma,,The University of Western Australia,Vice-Chancellor and President,25 Jul 2020
Pavel,Golodoniuc,,CSIRO,Research Team Leader,23 Jul 2020
Rolee,Kumar,,The University of Western Australia,Industry Engagement Manager (Health and Medical Sciences),23 Jul 2020
Claire,Nelson,,Gucci,Client Advisor,23 Jul 2020
Orlando,Porras,,Integrated Energy Pty Ltd,Lead Design Engineer,22 Jul 2020
Kate,Derry,,The University of Western Australia,Postdoctoral Research Associate,22 Jul 2020
Charanpreet,"Singh, BEng MEng",,Gantiel Vensott E.P.S.,Production Engineering Specialist,21 Jul 2020
Col,Crawford,,Digital Content Providers,Director,21 Jul 2020
Fahad,Izhar,,Petrochemical ,Senior Reliability Engineer,20 Jul 2020
Cameron,Ferstat,,Integrated Energy Pty Ltd,Principal Technology Consultant,17 Jul 2020
Saeideh,babaee,,University of KwaZulu-Natal,Postdoctoral Researcher,17 Jul 2020
Jonás,"García-Rincón, Ph.D.",,Numac Drilling Services Australia Pty Ltd,Ingeniero de proyectos · Especialista en caracterización y descontaminación de emplazamientos,16 Jul 2020
Greg,Johnson,,Schneider Electric,Global Solution Architect,16 Jul 2020
Felipe,Taliar Giuntini,,Sidia Instituto de Ciência e Tecnologia,Researcher,16 Jul 2020
Wenhua,Zhao,,The University of Western Australia,Assist Professor,16 Jul 2020
Mark,Lindsay,,The University of Western Australia,Senior Research Fellow,15 Jul 2020
Harry,Nicholas,,Integrated Energy Pty Ltd,Consultant Internship,13 Jul 2020
Kelsey,Way,,Bloom,Community Manager,12 Jul 2020
Quentin,Hanley,,Nottingham Trent University,Reader in Analytical Chemistry,12 Jul 2020
Daniel,Firth,,Rio Tinto,Data Scientist,12 Jul 2020
Dr. Tanziha,Mahjabin,,The University of Western Australia,Research Fellow,10 Jul 2020
Prince David,Rajendran,,Data Science Club of UWA,International Student Representative,10 Jul 2020
Mehmet Önder,Efe,,Hacettepe University,Full Professor of the Computer Engineering Department,10 Jul 2020
Andrew,Page,,The University of Western Australia,Pro Vice Chancellor (Research),10 Jul 2020
Dayrak,A.,, -, -,09 Jul 2020
Fay,Rola-Rubzen,,University of the Philippines Mindanao,Adjunct Professor,08 Jul 2020
Ellie,Gholami,,Scantek,Machine Learning Engineer,08 Jul 2020
SUBHASH,CHANDRA,,Oil Search Limited,Senior Geophysicist (New Venture & Commercial ),02 Jul 2020
Camilo Alberto,Reyes Martínez,,Mining3,Directo Proyecto HYDRA,01 Jul 2020
Ranjeet,Srivastva,,"BABU BANARASI DAS NORTHERN INDIA INSTITUTE OF TECHNOLOGY, LUCKNOW",Assistant Professor,30 Jun 2020
Anahita,Haiat,,,,29 Jun 2020
David,Parkinson,,ChampionX,Australia and New Zealand Supply Chain Manager,28 Jun 2020
Ajmal,Mian,,The University of Western Australia,Professor,26 Jun 2020
Marc,Tennant,,University of Western Australia,Reseacher/academic,26 Jun 2020
Thomas,Stemler,,The University of Western Australia,Senior Lecturer,25 Jun 2020
Boumediene,Hamzi,,Imperial College London,Marie Skłodowska-Curie Fellow,25 Jun 2020
Brad,Parsons,,MOVUS,Chief Executive Officer & Founder ,25 Jun 2020
Tatiane,Nogueira Rios,,UFBA - Federal University of Bahia,Assistant Professor,24 Jun 2020
Berwin A,Turlach,,The University of Western Australia,"Lecturer, then Senior Lecturer, then Associate Professor",24 Jun 2020
Rachel,Cardell-Oliver,,The University of Western Australia,Head of Department of Computer Science and Software Engineering,23 Jun 2020
Dr Parwinder,Kaur,,The University of Western Australia,Associate Professor,23 Jun 2020
Muhammad Fazal,Ijaz,,Sejong University,Assistant Professor,19 Jun 2020
Zachary,Aman,,The University of Western Australia,Professor,18 Jun 2020
Britta,Bienen,,University of Western Australia,Associate Professor,17 Jun 2020
Sankalp,Khanna,,CSIRO Australian e-Health Research Centre,Research Team Leader - Health Intelligence,10 Jun 2020
Hamed,Habibi,,Curtin University,Adjunct Research Fellow at Curtin University,10 Jun 2020
Wei,Liu,,The University of Western Australia,Senior Lecturer,04 Jun 2020
Dr Keith,Hampson,,CIB World,President - International Council for Research and Innovation in Building and Construction (CIB),02 Jun 2020
Adrian (Abbas),Salavaty,,Cancer Epigenetics Society,Professional Member,29 May 2020
Guilherme Michel,Lima de Carvalho,,,,29 May 2020
琪,张,,,,28 May 2020
Ali,"Eshragh, Ph.D.",,University of Newcastle,Senior Lecturer in Statistics & Optimization (equivalent to Tenured Associate Professor in the U.S),27 May 2020
Chantelle,Blachut,,The University of Queensland,Doctor of Philosophy (PhD) Candidate,25 May 2020
Greg,Levin,,Aspen Medical,Business Development Manager,22 May 2020
Andrew,Guzzomi,,The University of Western Australia,Research Assistant Professor,19 May 2020
Nicolas,Flores,,BHP,Principal Finance Planning and Analytics | Minerals Australia,19 May 2020
Paul,Bellette,,ELARA,Chief Scientific Officer,18 May 2020
Luciano,da F. Costa,,IFSC USP,Full Professor,16 May 2020
Sanjeev,Kumar,,suyasu.in,Founder,14 May 2020
Andrew,Clark,,Mira Clinic,Medical Director,12 May 2020
Syed Zulqarnain,Gilani,,Edith Cowan University,Research Fellow,12 May 2020
Ranjan,Singh,,The Optical Society (OSA),Fellow of The Optical Society,10 May 2020
Kingsley,Nnamaga,,Self-employed,CAMBRIDGE ASSESSMENT INTERNATIONAL EDUCATION (CIE) EXPERT,08 May 2020
Sam,Davies,,First Quantum Minerals,Exploration Systems,06 May 2020
Aaron,Rosengren,,"University of California, San Diego - Jacobs School of Engineering","Assistant Professor, Space Systems",05 May 2020
Iman,Kareem,,Digital Matter Connected Devices,APAC Business Development Manager - IoT Specialist,05 May 2020
Camilo,Pestana,,deeplearning.ai,Alpha Tester / Mentor,04 May 2020
Jose Luis,Herrera Diestra,,SDL Informatic,CEO and founder,04 May 2020
,,,,,04 May 2020
Christina,Kazantzidou,,QUT (Queensland University of Technology),Chief Investigator at QUT Centre for Robotics,29 Apr 2020
,,,,,29 Apr 2020
Danish Hussain,Mohammed,,Global Victoria,Business Consultant,28 Apr 2020
Riya,Aggarwal,,Veris Australia,Geospatial Intern,28 Apr 2020
Jacquelyn,Adams,,Kelly,Contractor - Assignment: VMware (Office of the CTO),27 Apr 2020
Jeya,Jeybalan,,The University of Western Australia,Team Leader - Academic Services,27 Apr 2020
Martin,Nieuwoudt,,Institute for Biomedical Engineering (IBE) Stellenbosch University,"Professor, Director",16 Apr 2020
João,Paulo Silva,,Itaú Unibanco,Senior Compliance Data Analyst,01 Apr 2020
Andrew,Marsh,,PerformativeDesign.com,Managing Director,01 Apr 2020
Saksham,Gupta,,ZS,Data Science Associate,01 Apr 2020
Leonardo L.,Portes,,The University of Western Australia,Research Fellow,31 Mar 2020
Majid,Soolaki,,University College Dublin,Postdoctoral Researcher,26 Mar 2020
Arush,Kalra,,BHP,"Graduate Electrical, Instrument & Automation Engineer",25 Mar 2020
Pardeep,Kumar,,Jaypee University of Information Technology,Associate Professor,23 Mar 2020
Henk,Ludik,,Southern Cross Advisory,Corporate Development Specialist,19 Mar 2020
Arif,Mahmood,,Information Technology University,Professor,17 Mar 2020
Rasit,Abay,,FuturifAI,Founder,07 Mar 2020
Ximena,Aguirre ,,Milenio Diario,Gerente Corporativo Sr Sustentabilidad,28 Feb 2020
Tyler,Bikaun,,The University of Western Australia,Research Assistant,28 Feb 2020
Malka N.,Halgamuge,malka.nisha@unimelb.edu.au,"Department of Electrical and Electronic Engineering, The University of Melbourne",Research Scientist,24 Feb 2020
Joseph,Zheng,,Klook,Senior Product Manager,21 Feb 2020
Erfanul,Islam,,Sinha group,Software Development Engineer,21 Feb 2020
Ferdous ,Sohel,,Murdoch University,Associate Professor,19 Feb 2020
Sahalom,Sheik,sahalomsahik@gmail.com,01309838345,Sahalom sheik,13 Feb 2020
Dagogo,Altraide,,Electro.Aero Pty Ltd,Marketing Manager,12 Feb 2020
,,,,,10 Feb 2020
Liubov,Tupikina,,Nokia Bell Labs,Researcher,03 Feb 2020
Deniz,Eroglu,,Kadir Has University,Assistant Professor,03 Feb 2020
Carlos,Gershenson,,Universidad Nacional Autónoma de México,Research Professor,16 Jan 2020
Md,Shakil Islam,,Graphic Design,Designer,10 Jan 2020
Drisya,Alex Thumba,,Syddansk Universitet - University of Southern Denmark,Postdoctoral Researcher,10 Jan 2020
Yu-Da,Lin,,National Kaohsiung University of Science and Technology,Adjunct Assistant Professor,23 Dec 2019
IEEE,DSAA,,IEEE DSAA,IEEE International Conference on Data Science and Advanced Analytics (IEEE DSAA),18 Dec 2019
Ruth,Boardman,,Alcoa,Data Scientist,09 Dec 2019
Joanna,Elfving-Hwang,,The University of Western Australia,Director of Korea Reseach Centre at UWA,07 Dec 2019
George,Hemingway,,Stratalis Consulting,"Managing Partner, Head of Innovation Practice",06 Dec 2019
ScientificNet,Publisher in Materials Science and Engineering,,Scientific.Net,Publisher,29 Nov 2019
Neil,Francis,,CSIRO,Senior Engineer - Geoscientific Applications,25 Nov 2019
Bui,Hoa,,Curtin University,Postdoctoral Researcher,21 Nov 2019
Uchechukwu ,Ogbenna ,,GeoEnvironsafe Consults,Programme Officer,20 Nov 2019
Asghar,Moeini,,Curtin University,Postdoctoral Researcher,11 Nov 2019
Kathrin,Stroud,,The University of Western Australia,"Manager, Curriculum Management",07 Nov 2019
Ellena,Miller,,Upwork,Freelance,04 Nov 2019
Mohammed,Bennamoun,,The University of Western Australia,Winthrop Professor,02 Nov 2019
Ken,Dunstan,,MathWorks,"Education Business Manager, Asia Pacific,  at The MathWorks",01 Nov 2019
Ahmad,Saleem,,Ibaera Capital Mining Fund,Research Analyst,01 Nov 2019
Emily,Low,,Visagio,Management Consulting Intern,30 Oct 2019
Alex,Krasnok,krasnokfiz@mail.ru,"Advanced Science Research Center, GC/CUNY",Assistant Professor,25 Oct 2019
Dumitru,Roman,,SINTEF,Senior Research Scientist and Project Manager,24 Oct 2019
Alireza,Moradikazerouni,,Florida State University,Graduate Research Assistant,23 Oct 2019
Umair Hassan ,Khan,,University of New England (AU),Research Assistant,19 Oct 2019
Don,"Gordon M. Eng., FAusIMM, FAIM",,Self-employed,Motivational speaker,11 Oct 2019
Jerome,Daquin,,F.R.S. - FNRS,Postdoctoral Researcher,10 Oct 2019
,,,,,01 Oct 2019
泽善,郑,,,,12 Sep 2019
Anas,Ghadouani,,The University of Western Australia,Programme Chair of Environmental Engineering ,05 Sep 2019
David,Lucido,,Sentient Hubs,Managing Director,04 Sep 2019
Eun-Jung,Holden,,The University of Western Australia,Professor,30 Aug 2019
Marie,Smyth,,DUG ,Vice President BD - HPC Solutions,29 Aug 2019
Sue,Robson,,CSIRO,Innovation Connections Facilitator/ SME Connect Facilitator,19 Aug 2019
Tim,Craske,,Geowisdom,Director and Principal Geoscience Consultant,19 Aug 2019
YANG,BAI,,,,19 Aug 2019
Evangelos,Ioannidis,,Aristotle University of Thessaloniki (AUTH),Adjunct Professor,11 Aug 2019
hpds,alamin,,Web Developer,Web Designer,07 Aug 2019
Marcus,Clark,,UNSW Sydney,Head of Talent Acquisition,27 Jul 2019
Jim,Squire CMgr FCMI,,Dstl,Consulting Fellow,26 Jul 2019
Inna,Shibanova,,BHP,Data Specialist,23 Jul 2019
Ajay,Ruhil,,Pressco Steel Pty Ltd,Junior Engineer,13 Jul 2019
Gang,Yan,,Tongji University,Professor,12 Jul 2019
🙏🚀,Chris Waterguy,,The Procrastination Paramedic,Director,11 Jul 2019
Victor,Sreeram,,University of Western Australia,Professor,08 Jul 2019
Jacques,Eksteen,,Future Battery Industries Cooperative Research Centre,Chief Operating Officer,05 Jul 2019
Shawn,Hood,,GoldSpot Discoveries Corp.,Chief Technology Officer,04 Jul 2019
Michael,Negnevitsky,,University of Tasmania,"Professor, Chair in Power Engineering and Computational Intelligence",04 Jul 2019
Asim,Amir,,Illinois Institute of Technology,Senior Research Associate ,03 Jul 2019
Subir,Mansukhani,,Domino Data Lab,India Head,02 Jul 2019
Paul,Castle,,"School of Indigenous Studies, University of Western Australia",Tutor,01 Jul 2019
Ryan,Yan,,Naturelink Landscapes & Design Pty Ltd,Quantity Surveyor,27 Jun 2019
Michael,Carter,,𝗢𝗿𝗮𝗻𝗴𝗲 𝖦𝖾𝗈𝗌𝖼𝗂𝖾𝗇𝖼𝖾,Principal Geologist,22 Jun 2019
Richard,Diering,,Aspen Technology,Senior Principal Solution Consultant,20 Jun 2019
Pooya,Darvehei,,Fortescue Metals Group,AI Engineer,20 Jun 2019
Michael,Bertolacci,,University of Wollongong,Research Fellow,19 Jun 2019
Steve,Bodon,,CSA Global (an ERM Group Company),Principal Consultant,13 Jun 2019
Andrew,McCulloch,,OZ Minerals,Exploration Futurist,13 Jun 2019
Holly,Bridgwater,,Unearthed Solutions,Industry Lead,13 Jun 2019
Mitchell,Neumann,,OZ Minerals,Project Exploration Geologist - Project Generation Australia,13 Jun 2019
Michael,Clark,,Three Springs Technology,"Machine Learning Engineer, Director",12 Jun 2019
Richard,Scott,,OZ Minerals,Data Scientist,12 Jun 2019
Jane,Pillow,,The University of Western Australia,"Associate Dean (Research), Faculty of Science",10 Jun 2019
Dr. Mathew,Maavak,,Platforms of Big Data Foresight,Researcher,09 Jun 2019
Jonathan,Dawes,,Engineering and Physical Sciences Research Council,"Chair, EPSRC Strategic Advisory Team for Mathematical Sciences",03 Jun 2019
Hello,Community,,The Higher Education Leadership Learning Online Community,President,30 May 2019
Farzad,Shafiei Dizaji,,University of Virginia,Faculty (Lecturer),30 May 2019
Brian,Staroselsky,,Stealth ,Stealth Mode,24 May 2019
Al,Cheng,,:),Data Analyst,24 May 2019
Xiongrui,Xu,,Tencent,Researcher,23 May 2019
Kapz,Malhotra,,ATCO Gas,"General Manager BD, Commercial, Customer and Hydrogen Innovation",13 May 2019
Samson,Yu,samson.yu@deakin.edu.au,Deakin University,Lecturer,11 May 2019
Carly,Barrett,,"project857 Architecture Interiors + more, Open House Perth + Design in WA",Director,09 May 2019
Dr. Bhuvaneswari,P,,Yazhli Global Multidisciplinary Research Organization (YGMRO),Managing Director,08 May 2019
Nicholas,Schacher,,NanoAndMore USA,CEO,02 May 2019
Damien,Igoe,,UNSW Global,Senior Education Professional (Science),26 Apr 2019
Peter,Dean,,The University of Western Australia,Chair of Defence Studies and Director of the UWA Defence and Security Program,15 Apr 2019
Thodoris,Papadopoulos,,Teleperformance,Business Intelligence Developer(Qlik),12 Apr 2019
Ken,Yan,,Luxury Brand,Analyst Programmer,11 Apr 2019
Rob,Shannon,,The University of Western Australia,Associate Director (Innovation),10 Apr 2019
Mehmet,Suzen,,,,07 Apr 2019
Mohammadhossein (Sepehr),Ghahramani,,University College Dublin,Postdoctoral Research Fellow,04 Apr 2019
Mark,Griffin,,Curtin University,"Director, Future of Work Institute",31 Mar 2019
Donna,Bradley,,Connected HR,HR & ER Advisor,31 Mar 2019
Tom,Ridsdill-Smith,,Woodside,Senior Vice President Climate,30 Mar 2019
Liming,Zhu,,CSIRO's Data61,"Director, Engineering & Design",28 Mar 2019
Mukhdeep Singh,Manshahia (Dr.),,Punjabi University Patiala,Assistant Professor,25 Mar 2019
Brendan,Florio,,The University of Western Australia,Research Fellow,25 Mar 2019
Dr Carla,Boehl,,Fortescue Metals Group,"Audit Team Lead - Asset Management - Fixed Plant OPF, HME and NPI",23 Mar 2019
Simon,Biggs,,The University of Western Australia,Senior Deputy Vice Chancellor,21 Mar 2019
Muhammad,Hamza,,,,21 Mar 2019
Jill,Stajduhar GAICD,,Future Energy Exports CRC,Chief Operating Officer and Company Secretary,21 Mar 2019
Andrew,Walker,,Upswell Ventures,Entrepreneur In Residence,20 Mar 2019
Kylie,Hollins,,Alcoa,Data Science Manager,17 Mar 2019
Gabriel J.,González Cáceres,,Curtin University,Researcher PHD Student,16 Mar 2019
Fabio,Mielli,,Rockwell Automation,"Market Development Manager - Mining, Metals and Cement",15 Mar 2019
Claire,Walker,,The University of Western Australia,Project Administrative Officer,14 Mar 2019
Robert,Villaflor,,GE Digital,Senior Software Engineer,11 Mar 2019
Michael,Hanias,,National and Kapodistrian University of Athens,Dr,07 Mar 2019
Natasha,Bartlett,,ARC Training Centre for Transforming Maintenance through Data Science,"Manager,  ARC Training Centre for Transforming Maintenance through Data Science",06 Mar 2019
kamal,berahmand,,I am Entrepreneur with involving in building products with machine learning and social network,Independent Entrepreneur,04 Mar 2019
Tracey,McClurg,,APR.Intern,Research Partnerships and Business Development Manager,19 Feb 2019
Bingowkling,Ling,,Guangdong University of Technology,Professor,18 Feb 2019
Harold,Vera,,Fortum,Lead Power Systems Specialist,17 Feb 2019
Tohru,Ikeguchi,,東京理科大学,教授,15 Feb 2019
Emma,Frank,,Fun Track Learning Centre,Academic Tutor,13 Feb 2019
Mahdi,Mehrtash,,The University of British Columbia,Postdoctoral Research Fellow,11 Feb 2019
Yaser,Sadra,,SHANDIZ INSTITUTE OF HIGHER EDUCATION,Lecturer,10 Feb 2019
Ba-Ngu,Vo,,Curtin University,Professor,04 Feb 2019
玉兰,王,,内蒙古工业大学,教师,25 Jan 2019
Sheetal,Kadyan,,Teradata,Talent Acquisition Manager (ANZ),22 Jan 2019
Ismael,Marín Carrión,,VISPIRON SYSTEMS GmbH,Senior Software Engineer | Project Manager | IT Consultant,19 Jan 2019
Michael,McLerie,,Carbon 280 Pty Ltd,Founder & Chief Operating Officer,17 Jan 2019
Dr. Shahid,Iqbal,,National University of Sciences and Technology (NUST),Assistant Professor,14 Jan 2019
Geoff,Richards,,City of South Perth,Business Systems Administrator,14 Jan 2019
Shuying(Sophie),Zhu,,,,23 Dec 2018
Seyyed Masoud,Kargar,,Nanjing University of Science and Technology,Research Assistant,17 Dec 2018
Uwe,Aickelin,,University of Melbourne,Head of School of Computing and Information Systems,15 Dec 2018
Gangshan,Jing,,North Carolina State University,Postdoctoral Researcher,03 Dec 2018
Luiz,AUGUSTO,,Colégio Adélia,Administrador,29 Nov 2018
Graeme,Martin,,"UWA Institute of Agriculture, University of Western Australia","Project Leader, UWA Future Farm 2050",28 Nov 2018
Debra T.,Johnson,,"Eco-Edge, LLC",CEO / Consultant,28 Nov 2018
Grant,Kopec,,IntelliSense.io,Field Operations Director,27 Nov 2018
Hugo,Le Breton,,Ocean 14 Capital ,Head of Impact and Senior Investment Analyst,27 Nov 2018
Hayley,Mcgillivray,,CSIRO,SME Engagement Manager,27 Nov 2018
Nick,Saunders,,Grow Impact Pty Ltd,Exec Chair,27 Nov 2018
Jelena,Markov,,CSIRO,Postdoctoral Fellow,27 Nov 2018
Daniel,Finfer,,Anglo American,Head of Technology Development - Sensing,26 Nov 2018
Thomas,Smoker,,PYC Therapeutics,Data Scientist,24 Nov 2018
Marco,Ruiz Hernandez,,Enaex,Gerente Enaex Robotics,23 Nov 2018
Staffan,Qvist,,Qvist Consulting Limited,Consultant,21 Nov 2018
Dr. Bob,Platfoot,,Covaris Pty Ltd,Owner,19 Nov 2018
Neil,Blom,,ArcelorMittal Mining,Head Mining Maintenance and Asset Reliability,18 Nov 2018
Matthew,Schneider,,Gymnastics WA,Director Gymnastics WA,17 Nov 2018
Michael,Dymock,,Telethon Kids Institute,Biostatistician,16 Nov 2018
Alf,Mazzitelli,,CSIRO,"State Manager, Business and Infrastructure Services",15 Nov 2018
Changgui,Gu,,University of Shanghai for Science and Technology,Professor,14 Nov 2018
Crispin,Rebuelta,,Chevron,Safety and Risk Engineer,13 Nov 2018
Cristina,Vulpe,,The University of Western Australia,Researcher (Geotechnical Engineering),12 Nov 2018
Vladimir,Puzyrev,,Curtin University,Senior Research Fellow,09 Nov 2018
Margaux,Le Vaillant,,CSIRO,Research Scientist,08 Nov 2018
Andrew,Marxsen,,Anglo American,Group Head of Asset Strategy and Reliability,07 Nov 2018
Rex,Jahn,,Water Corporation,Head of Operational Technology ,06 Nov 2018
Kim,Harmer,,R-Group International,Chief Executive Officer,03 Nov 2018
Arun,Narayanan,,Anglo American,Chief Data Officer,03 Nov 2018
Anshu,Bhaskar,,XENON Systems,Solutions Evangelist & Business Development,02 Nov 2018
Russell,McChesney,,Orexplore,Business Development Manager,01 Nov 2018
Cherie,van Wensveen,,BHP,Principal - Innovation Partnerships,01 Nov 2018
Ken,Green,,"Department of Industry, Science, Energy and Resources",Commercialisation Facilitator,01 Nov 2018
Jingbo,Wang,,,,31 Oct 2018
Phil,Newman,,Anglo American,Head Of Innovation,31 Oct 2018
Peter,Kasprzak,,Innovate Australia,Co-Founder and CEO,31 Oct 2018
Margaret,Jones PhD GAICD,,Edith Cowan University,"Elected Member, ECU Council; the University Governing body",31 Oct 2018
Mike,Lomman,,Roy Hill,General Manager Demand Chain,31 Oct 2018
Gaurav,Singh,,BHP,"Manager, Decision Science Chapter, Strategy and Innovation, Group Technology",31 Oct 2018
静,石,,,,27 Oct 2018
Annabel,Williamson GAICD,,The University of Western Australia,Managing Counsel,27 Oct 2018
Alex,Khor,,AfterWork Ventures,Co-Founder,18 Oct 2018
RYAN,POKONEY,,New Holland Group,Director,18 Oct 2018
Golestan,Gololani,,,,12 Oct 2018
Khawar,Islam,,National University of Computer and Emerging Sciences,Research Associate at Video Surveillance Lab,01 Oct 2018
Ryan,Loxton,,Curtin University,Discipline Lead - Mathematics and Statistics,16 Sep 2018
Mehdi,GM,,Curtin University,PHD Researcher,15 Sep 2018
Jess,Robertson,,"Ministry of Business, Innovation and Employment",Principal Data Scientist,11 Sep 2018
Dr Stephan,Lund,,Outbox Services,Director,10 Sep 2018
Joanna,"Slawinska, PhD",joanna.slawinska@helsinki.fi,Finnish Center for Artificial Intelligence,Senior Researcher,06 Sep 2018
mehrnoush,mohammadi,,,,04 Sep 2018
Chen,Wu,,Amazon Web Services (AWS),Senior Data Scientist,03 Sep 2018
Xiaopeng,Zhao,,University of Tennessee,"Professor, Mechanical, Aerospace, and Biomedical Engineering",02 Sep 2018
Emma,Veenema,,Chironix,Director Corporate Development,24 Aug 2018
Kymette,"Peck, GAICD",,Charis 101,Executive Consultant,21 Aug 2018
Mahmood,Hussein,mahmood@gdronesolutions.com,Global Drone Solutions,Chief Executive Officer | CASA Approved Drone Pilot Training | Drone Consultant | Drone Mapping,07 Aug 2018
Dr Muhammad,Kamran,,Monash University,Teaching Associate,02 Aug 2018
旭辉,陈,,,,02 Aug 2018
Caleb,Thomas,,BRITElab,Research Associate,28 Jul 2018
Christopher,Corbett,,Resource Capital Funds,Partner & CIO ,18 Jul 2018
behrouz,askari,,Shahid Beheshti University,PHD Student,18 Jul 2018
Shaohua,Wan,,Technical University Munich,Visiting Professor,10 Jul 2018
Rohan,Sharma,,Bennett University,Assistant Professor,30 Jun 2018
Paul,Nicholls,,Curtin University,Director Research Partnerships ,25 May 2018
Jacek,Zurada,,"University of Louisville, Louisville, USA","Professor, Electrical and Computer Engineering",23 May 2018
Sebastian,Mihnea,,Coffey,Project Manager,19 May 2018
Mateusz,"Celmer, Ph.D.",,Nokia,Software Developer,30 Apr 2018
Dr. K. T. Barry,Mok,,NISI (HK) Limited,Senior Engineer,13 Apr 2018
Joss,Colchester,,Systems Innovation,Partnerships & Project Lead,07 Apr 2018
Konstantinos,Sakellariou,,Nodes & Links,Data Scientist,06 Apr 2018
Anders,Eriksson,,University of Queensland,Associate Professor / ARC Future Fellow,24 Mar 2018
Ali,Sadollah,,University of Science and Culture,Assistant Professor,21 Mar 2018
Tyron,"Rees, CFA",,Trident Royalties plc,VP - Corporate Development,17 Mar 2018
Peter,Midgley,,Present Group,Executive Director,15 Mar 2018
Mark,Reynolds,,The University of Western Australia,"Professor and Head of School of Physics, Mathematics and Computer",08 Mar 2018
Mark,Holton,,Systemiser,Co-Founder,08 Mar 2018
Jean,Bragard,,University of Navarra,Professor,03 Mar 2018
Jan,Nagler,,"Centre for Human Machine Intelligence, Frankfurt School","Professor, Head Deep Dynamics Group, Centre for Human and Machine Intelligence ",25 Feb 2018
Kalani,Kaushalya,,Esquel Group,Management Trainee,21 Feb 2018
Sebastian,Oberst,,University of Technology Sydney,Senior Lecturer,20 Feb 2018
Tamryn,Barker,,CORE Innovation Hub,CORE Skills Lead,20 Feb 2018
Zhang,Xin,,Nanyang Technological University,Assistant Professor,06 Feb 2018
Benjamin,Stone,,The University of Western Australia,PhD student,06 Feb 2018
Samy,Timalsina,,Auer Precision Company,Controls Software Engineer,21 Jan 2018
Peter,Gwynne,,"Peter Gwynne, Limited","Writer, editor, and publishing consultant, science, medicine, and technology",19 Jan 2018
John,Terry,,Neuronostics Ltd,Managing Director,20 Dec 2017
Patrick,McSharry,,Carnegie Mellon University,Professor,17 Dec 2017
思源,吉,,TCL Industries,结构工程师,23 Nov 2017
Sean,Hood,,The University of Western Australia,"Associate Dean (Community & Engagement), Faculty of Health & Medical Sciences",23 Nov 2017
Ulrich,Engelke,,CSIRO,Senior Research Scientist / Project Leader,10 Nov 2017
Chris,Moran,,Curtin University,"Deputy Vice-Chancellor, Research and Vice President Research",07 Nov 2017
Kirsty,Danby,,Platform Communications Pty Ltd,Director,02 Nov 2017
Vincent,Piras,,Evotec,Research Scientist,24 Oct 2017
Lin,Wang,,University of Cambridge,Research Associate,24 Oct 2017
Kai-kai,Shen,,Rapiscan Systems,Principal Algorithm Engineer,24 Oct 2017
Sara,Zein,,Hindawi Publishing,Special Issues Coordinator,23 Oct 2017
Benjamin,Miranda Tabak,,Fundação Getulio Vargas,Professor,20 Oct 2017
Dr Ajay,Gupta,,Australian Cyber Institute,Chief Executive Officer,29 Sep 2017
Stuart,Minchin,,Pacific Community-SPC,Director General,29 Sep 2017
Francisco,"Rodrigues, Ph.D.",,Universidade de São Paulo,Associate Professor,26 Sep 2017
Zhen,Jin,,Shanxi Universty,professor,26 Sep 2017
Fei,Yan,,,,24 Sep 2017
Sophie,Hancock,,SensOre Ltd,Principal Data Analyst - Geochemistry,18 Sep 2017
Manlio,De Domenico,,Fondazione Bruno Kessler - FBK,Head of Research Unit,17 Sep 2017
Professor Max,Lu AO DL FREng FAA FTSE,,UKRI,Board Member,15 Sep 2017
Tim,Shanahan,,Zetta,Chair and Non Executive Director,15 Sep 2017
Roland,De Marco,,University of the Sunshine Coast,Deputy Vice-Chancellor (Research and Innovation),15 Sep 2017
Peter,Klinken,,Government of Western Australia,Chief Scientist of Western Australia,14 Sep 2017
Kym,Bills,,Australian Institute of Health & Safety,"Chair, College of Fellows and Board Member",14 Sep 2017
Grant,Douglas,,CSIRO,Senior Principal Research Scientist,13 Sep 2017
Jonathan,Law,,CSIRO,"Director, CSIRO Mineral Resources",13 Sep 2017
Craig,Roy   FAICD,,Silex Systems (ASX code: SLX),Chairman of The Board,13 Sep 2017
Linda,Kristjanson AO,,Victorian Comprehensive Cancer Centre,Chair Of The Board Of Directors,13 Sep 2017
James,Johnson,,Geoscience Australia,Chief Executive Officer,13 Sep 2017
Deidre,Willmott,,Australia Post,"Non Executive Director and Chair, People & Sustainability Committee",13 Sep 2017
Edgar,Avalos,,Tohoku University,Researcher,13 Sep 2017
Michael,McWilliams,,Stanford University,Professor Emeritus,13 Sep 2017
Lau,Simom,,Mtel Ltd,Mobile Application Developer,08 Sep 2017
Megan,Edwards,,Primary English Teaching Association Australia (PETAA),General Manager,05 Sep 2017
Michelle,Carey,,Imdex Limited,Chief Of Product Management and Marketing ,19 Aug 2017
Bernard,Tan,,Everyone Finance Pty Ltd,Funding Specialist,15 Aug 2017
Anderson,Silva,,Sallve,CTO,11 Aug 2017
Mohammad,Bahrami,,,,05 Aug 2017
Kai-Ning,Wu,,HIT at WH,Associate Professor,28 Jul 2017
炎 Tomas,黃,,香港註冊中醫學會,President,22 Jul 2017
Edgar,Basto Piamonte,,The University of Western Australia,PHD Student,22 Jul 2017
Lucas,Lacasa,,King's College London,Visiting Research Fellow,22 Jul 2017
Greg,Turner,,HiSeis Ltd,Principal Geophysicist,21 Jul 2017
Alison,Harris,,University of South Australia,Gender Equity Coordinator,20 Jul 2017
Carina,Kemp,,AARNet (Australia's Academic and Research Network),Director of eResearch,19 Jul 2017
Alon,Gal,,K Health,Machine Learning Engineer,17 Jul 2017
Eduardo Martini,Rodrigues da Silva,,Meraki Projects and Consulting,Sócio,10 Jul 2017
Xiang,Kang,,JPMorgan Chase & Co.,Quantitative Researcher,29 Jun 2017
忠军,马,,桂林电子科技大学,博士,20 Jun 2017
KS,Tang,,City University of Hong Kong,Associate Professor,19 Jun 2017
Jinlong,Lu,,Realtek Semiconductor Corp.,Test Development Engineer,16 Jun 2017
Paula,Langley,,St John of God Health Care,Change Implementation Manager,13 Jun 2017
Peter,Langridge,,Wheat Initiative,International Science Coordinator,13 Jun 2017
Mark,Stickells,,Pawsey Supercomputing Centre,Executive Director,13 Jun 2017
Shilu,HAN,,UCloud,Strategy Manager,13 Jun 2017
Bonnie,Law,,Hong Kong Polytechnic University,Associate Professor,13 Jun 2017
Danny,Chiu,,WORLD EXPRESS Computer Systems Ltd.,Marketing Manager,13 Jun 2017
,,,,,13 Jun 2017
Robyn,Owens,,The University of Western Australia,Emeritus Professor,12 Jun 2017
Eric,LUO,,"OmniVision Technologies, Inc.",Senior Color Imaging Scientist,12 Jun 2017
Dr. Kishor Kumar,Keekan,,"Marine Biodiscovery Laboratory, School of Chemistry, National University of Room C206, Marine Biodis",MedTrain (Marie-Curie) Fellow,12 Jun 2017
Pheona,Fong,,Ericsson,Senior Executive Advisor to Senior Vice President,12 Jun 2017
John,Dell,,The University of Western Australia,"Executive Dean, Faculty of Engineering and Mathematical Sciences",12 Jun 2017
Philippe,Faure,,CNRS - Centre national de la recherche scientifique,Directeur Recherche,12 Jun 2017
Aamir,Nawaz,,Gomal University,M.Phil Research Scholor(Plasma Physics),12 Jun 2017
Joaquin Manuel,Beltran Pedron,,TRIANGLE ESTUDIS SL,Administrador,04 Jun 2017
Dr. Carsten,Grabow,,d-fine,Consultant,31 May 2017
Ashleigh,Ballantyne,,"Wesfarmers Chemicals, Energy & Fertilisers",Graduate Data Scientist,31 May 2017
Wael,Badawy,,RC Innovation Management LLC,Partner and Founder,29 May 2017
Xiaoqun,(Shelly),,Wuhan University,Prof,02 May 2017
John,Drake,,The City of Swan,Project Manager,27 Apr 2017
Sanaz,"Etemadzadeh,MIEAust",sanazetemad@yahoo.com,Curtin University,Researcher PHD Student,25 Apr 2017
Hamid,Mohammad-Sedighi,,Shahid Chamran University of Ahvaz (Jundi Shapur),Faculty Member,21 Apr 2017
Jeeva Sathya Theesar,S.,,Universiti Tunku Abdul Rahman,Assistant Professor,12 Apr 2017
Thomas,Papp,,The HR Congress,Partner,29 Mar 2017
John,Cheetham,,Martin & Co,Property Manager,22 Mar 2017
Rebecca,Carrick,,Turner & Townsend,Design Manager,20 Mar 2017
张,海涛,,University of Virginia,Visiting Professor,13 Mar 2017
Ijaz,Ahmad,,Education Week - EPE,Mathematics Teacher,06 Mar 2017
Doris,Lin,,The Hong Kong Polytechnic University,Instructor,02 Mar 2017
Steve,Lawrence,,Well Bred Fractals,Fractal artist,02 Mar 2017
Victor,Calo,,Curtin University,John Curtin Distinguished Professor,24 Feb 2017
Ron,Yang,,University of Exeter,Senior Lecturer,17 Feb 2017
Joost,Lesterhuis,,Telethon Kids Institute,Honorary Research Fellow,09 Feb 2017
Peter,Rossdeutscher.  FAICD. IDP-C (INSEAD),,CRC ORE,"Non Executive Director.  Chairman, Transition and IP Committee",29 Jan 2017
Ralph,Andrzejak,,Universitat Pompeu Fabra,Prof. Dr.,10 Jan 2017
Andrew,Bell,,Curtin University,Strategic Project Officer,10 Jan 2017
Salva,Adam Llopis,,Generalitat de Catalunya,High school teacher. Maths and Physics,30 Dec 2016
Caroline,Johnson,,CSIRO,Science Platform Coordinator,29 Nov 2016
Rachael,Penning,,"Department of Primary Industries & Regional Development, Government of Western Australia",Government Affairs,10 Nov 2016
Dale,Roberts,,The Australian National University,Associate Professor,09 Nov 2016
Nicholas,Lawrance,,Immersive Technologies,Software Engineer,03 Nov 2016
Angus,McFarlane,,Rio Tinto,"Principal, ore and product characterisation ",01 Nov 2016
,,,,,30 Oct 2016
Ioannis,Diamantis,,China Agricultural University,Visiting Professor,16 Oct 2016
Michael,Tynas,,Saturn Pathology,CTO / IT Manager,12 Oct 2016
Tony,Wang,,CICC,Institutional Sales,27 Sep 2016
David,Cavanagh,,Integrated Energy Pty Ltd,Co-author Modelling strong control measures for epidemic propogation with networks - COVID 19 Case,19 Sep 2016
Klaus,Regenauer-Lieb,,"School of Petroleum Engineering, The University of New South Wales",Professor,18 Sep 2016
Catherine,Kyrtsou,,University of Macedonia,Professor,10 Sep 2016
洁余,王,,,,10 Sep 2016
Katharine,McKenzie,,Department of the Premier and Cabinet of WA,"Council Member, WA Renewable Hydrogen Council",08 Sep 2016
Kyle,Saltmarsh,,Woodside Energy,Robotics Engineer,08 Sep 2016
Moussa,"Reda Mansour, PhD",,Alcoa,Data Scientist,07 Sep 2016
Kimberlee,Baldry,,University of Tasmania,Doctoral Student,22 Aug 2016
志刚,郑,,(National Huaqiao University)华侨大学,Distinguished Professor,11 Aug 2016
Dr. Sayan,Mukherjee,,Sivanath Sastri College - India,Assistant Professor,07 Aug 2016
Dominik,Traxl,,,,04 Aug 2016
Martin,Paesold,,DELMIA Quintiq,Quality Assurance Consultant,01 Aug 2016
Jens,Klump,,CSIRO,Geoscience Analytics Team Leader,01 Aug 2016
Yi-Qing,Zhang,,蚂蚁金服,算法专家,21 Jul 2016
Dr. Sundarapandian,Vaidyanathan,,Vel Tech University,"Professor, Research and Development Centre",18 Jul 2016
Ryan,Fraser,,AARNet (Australia's Academic and Research Network),Manager: Research & Commercial,30 Jun 2016
Francois,Grobler,,Dassault Systèmes,GEOVIA Senior Portfolio Manager - Mine Planning and Design,03 Jun 2016
James,Scott,,iNC Digital Media,Executive Chairman,23 May 2016
Sam,Tang,,GoFundMe,Data Application,18 May 2016
Ayham,Zaitouny,,The University of Western Australia,Research Fellow,18 May 2016
Matthew,Grant,,Wood,Mechanical Engineer,13 May 2016
Tony,Lawrance,,Warwick University,Professor of Statistics,11 May 2016
Zhen,Jia,,,teacher,11 May 2016
Ben,Seligmann,,The University of Queensland,Research Fellow - Risk Management,10 May 2016
Ben,Luo,,Defence Science and Technology Group,Cyber Security Researcher and Data Scientist,04 May 2016
Pamela,Naidoo-Ameglio,,ANSTO,Group Executive Nuclear Precinct,02 May 2016
Joe Jin,White,,MRX Technologies,Project Engineer / Installation Support Manager,21 Apr 2016
Hocine,Cherifi,,Université de Bourgogne,Professeur,13 Apr 2016
Murilo,S. Baptista,,University of Aberdeen,Reader,18 Mar 2016
Oscar,Rondon,,Snowden,Principal Geostatistician,17 Mar 2016
,,,,,29 Feb 2016
Francky,Fouedjio,,AngloGold Ashanti,Data Scientist - Geoscience,16 Feb 2016
,,,,,12 Feb 2016
Audrey,Gerber,,AIPH (International Association of Horticultural Producers),Technical Advisor,11 Feb 2016
chandrashekhar,meshram,,,,03 Feb 2016
Narguess,Mtnzd,,,,28 Jan 2016
Ravi,Venkatesan,,,,25 Jan 2016
youxin,luo,,,,22 Jan 2016
Frans,Schuit,,Vrije Universiteit Brussel (1988-2003) and Katholieke Universiteit Leuven (2003-present),Professor,13 Jan 2016
Shobhit,Jain,,.................,"Head, Procurements",08 Jan 2016
Xi,Shen,,The University of Western Australia,Research Associate,07 Jan 2016
Ramin,Azodi Avval (PhD),,Bosch,Technical Manager,22 Dec 2015
Stephen,Gay,,Midas Tech International,Principal,22 Dec 2015
Gui-Qing,Zhang,,,,21 Dec 2015
Sandy,TAI 戴聖慈,,,,18 Dec 2015
Dr Robert,Hough (GAICD),,CSIRO,Deputy Director / Science Director,15 Dec 2015
Stan,Miklavcic,,University of South Australia,Professor in Applied Mathematics,14 Dec 2015
ron,yang,,University of Exeter,snr lecturer,05 Dec 2015
Paul,Abbott,,The University of Western Australia,Adjunct Professor,04 Dec 2015
Sathyanarayan,Rao,,Université catholique de Louvain,Postdoctoral Researcher,03 Dec 2015
marjan,abdechiri (Firouznia),, -, -,23 Nov 2015
Robert,Faff ,,University of Queensland,Professor of Finance,23 Nov 2015
Aili,Fang,,Ludong University,Teacher,09 Nov 2015
Kevin,Xiao,,Nanyang Technological University,Assoc. Prof.,05 Nov 2015
Adam,"JI, CAPM, PMP, PgMP, PfMP, ACP, PBA, PMI-SP, RMP",,Gap Inc./Gap,China IT Manager,29 Oct 2015
Connie,Xiong,,,,27 Oct 2015
POCKET MONEY,PICTURES,,long dog pictures,JEFF STEVENS EXEC PRODUCER,07 Oct 2015
Dr.K.Selvakumar,"M.Sc., N.E.T(UGC)., M.E., Ph.D.",,"Anna University, University College of  Emgineering, -Nagercoil, Tamilnadu, India",Assistant Professor in MAthematics,30 Sep 2015
Edward,Fernandes,,GIHLondon,BD Manager,29 Sep 2015
Michael,Stratton,,Sunny Tree Software,Senior PHP/Laravel Software Developer,27 Sep 2015
Howard,Cheung,,Credit Suisse,Compliance Manager,23 Sep 2015
Coert,Du Plessis (杜康),,DataAlchemists,Data Chief,28 Aug 2015
Denise,Goldsworthy AO,,Navy Clearance Diver Trust,Chair Of The Board Of Trustees,24 Aug 2015
Peter,Lilly,,www.amazon.com/author/peterlilly,Author and musician.,23 Aug 2015
Andrew,Rohl,,Curtin University,"Head of School of Electrical Engineering, Computing and Mathematical Sciences",19 Aug 2015
Melinda,Hodkiewicz,,The University of Western Australia,BHP Fellow for Engineering for Remote Operations,18 Aug 2015
Seong-Hwan,Rho,,EAST D Bio,Co-founder; CSO,12 Aug 2015
Joel,Shurkin,,American Institute of Physics,Contributor,11 Aug 2015
Thomas,Korimort,,Not Affiliated,"Mathematician, Computer Scientist, Scientist",04 Aug 2015
Danny,Yu,,GouMax Technology,VP of Sales & Marketing,02 Aug 2015
Ingrid,Magtengaard,,Willyama Services,Client Relationship & Strategy Manager - International,15 Jul 2015
威,明,,华为终端(深圳)有限公司,高级产品经理,15 Jun 2015
Zahn,Song,,Anshan Baihe Jian Consulting LLC,Executive Director,11 Jun 2015
Graham,H,,Poker,Poker,28 May 2015
Xiao-Long,Peng,,Shanxi University,Lecturer,28 May 2015
Yvonne,"Power, Ph.D.",,IMPower Technologies,Director,26 May 2015
Abhay,Singh,,Macquarie Business School,"Director, Finance Decision Lab / Senior Lecturer in Applied Finance",25 May 2015
YuePing,Zhan,,"Shanghai Baosight Software Co., Ltd.",Quantitative Research Analyst,25 May 2015
Faisal,Mahmood,,Harvard Medical School,Assistant Professor of Pathology,01 May 2015
Alex,Wai,,The Hong Kong Polytechnic University,Vice President(Research Development),09 Apr 2015
Slobodan,Maletic,,Vinca Institute of Nuclear Sciences,Research Assistant Professor,31 Mar 2015
Shau Chun,Yen,,Gemini Personnel Limited,Consultant  - Permanent Division,27 Mar 2015
Shunqing (Sonny),Yang,,Contemporary Amperex Technology Ltd. (CATL),Sr. Product Development/System Engineer,15 Mar 2015
秉宏,汪,,"Institute of Theoretical Physics, USTC",Director,14 Mar 2015
Becky P.Y.,Loo,,The University of Hong Kong,"Founding Co-Director, Joint Laboratory on Future Cities",11 Mar 2015
GISAP,project,,International Academy of Science and Higher Education (IASHE),Project manager,07 Mar 2015
Marco,Susilo,,Modis,Senior Consultant Data Science,07 Mar 2015
Alesio,Lanzara,,Wood,Predictive Maintenance Lead,28 Feb 2015
Prof. (Dr.) Anurakt,Williamson,,Jaipur Engineering College and Research Centre (JECRC),FORMER PROFESSOR & REGISTRAR,21 Feb 2015
Yingying,Li,,University of Sicence and Technology of China (USTC),Undergraduate,15 Feb 2015
Yongxiang,Xia,,浙大,Associate Professor,11 Feb 2015
Dr. Changsong,Zhou,,Hong Kong Baptist University,Professor,10 Feb 2015
科赞,李,,桂林电子科技大学,副教授,08 Feb 2015
Patrick,Tardif,,PasswordWrench,Founder and CEO,27 Jan 2015
Josh B.,van Kampen MBA,,The Good Chat Foundation,Member Of The Board Of Advisors,23 Jan 2015
yolanda,W.,,,,19 Jan 2015
毅,赵,,哈尔滨工业大学深圳研究生院,副教授 博导,19 Jan 2015
会杰,杨,,USST School of Management,Dr.,16 Jan 2015
Steven,Yau,,Wing Hing Steel Engineering Limited,Director,10 Dec 2014
Samuel,Cheng,,HKT,Engineer,29 Nov 2014
Dr Jack Sok Kuan,Tan,,OneAsia Asset Management (Singapore) Pte Ltd,Managing Director and Chief Investments Officer,29 Nov 2014
Naveen,Kumar,,Suncorp Group,Analytics Consultant,18 Nov 2014
逢源,朱,,,,18 Nov 2014
Yu,Bai,,UNSW,Data Analyst,04 Nov 2014
Yongguang,Yu,,Beijing Jiaotong University,Prof,03 Nov 2014
Yilun,Shang,,Northumbria University,Associate Professor (Reader),31 Oct 2014
Simon,Williams,,WovenLight,Co-Founder,15 Oct 2014
Enyu,Zhuang,,Sunflower Labs,Firmware Engineer / Data Scientist,07 Oct 2014
Jiahao,Su,,University of Maryland,Graduate Research Assistant,04 Oct 2014
james,clark,,PalmerClark,"Asset, Property and Facilities Management Consultant, Asia Pacific",26 Sep 2014
Nicola,Zaccarelli,,"European Commission - DG Joint Reserach Centre, Directorate C. Energy, Transport and Climate",Research Officer,25 Sep 2014
Pedro,Ferreira,,Capture Proton Lda,Manager / Utilities Sector,19 Sep 2014
Cheryl,Praeger,,The University of Western Australia,Senior Honorary Research Fellow,13 Sep 2014
Giacinto,Genco,,Main Fraim Innovation,Consultant ,06 Sep 2014
Weihua,Deng,,"School of Mathematics and Statistics, Lanzhou University",Vice Dean,01 Sep 2014
Bo,Tian,,Apple,Electrical Engineer,29 Aug 2014
Cheng,Jiang,,Oracle,Software Engineer,28 Aug 2014
Shixin,Luo,,Google,Cloud Machine Learning Engineer,21 Aug 2014
水康博士后,li,,DIYA-National high-Newtech enterprise,Embedded systems QR -Senior Research Scientist,12 Aug 2014
Anthony,Chan,,香港匯豐銀行,"Manager, Technology Control",11 Aug 2014
,,,,,08 Aug 2014
Li Xianfeng,李险峰,,,Dr,02 Aug 2014
Jonathan,Oxlade,,Total Choice Home Loans,Principal,30 Jul 2014
,,,,,21 Jul 2014
Dr C K,Li,,Neo Mechanics Limited,Chief Science Officer,16 Jul 2014
Hamza,Ghoudi,,etudiant,Doctorant,15 Jul 2014
Dr. Dinesh,Kumar,,Agriculture University of Jodhpur,Assistant Professor of Mathematics,08 Jul 2014
Junjie,HUANG,,Imperial College London,Postdoctoral Research Associate,05 Jul 2014
Ruedi,Stoop,,Institute of Neuroinformatics--University of Zurich / Swiss Federal Institute of Technology ETHZ,Professor,30 Jun 2014
David,Arroyo Guardeño,,UNE Asociación Española de Normalización,Member of CTN 320 Cybersecurity and Protection of Personal Data,30 Jun 2014
Nuwan,Ganganath,,HSBC,"Senior Manager, Data & Analytics",24 Jun 2014
Maoji,Wang,,Shanghai Jiao Tong University,Postdoctoral Researcher,15 Jun 2014
Mythreye,Krishnan,,The University of Western Australia,PHD Student,09 Jun 2014
M.,Aziz Alaoui,,Université du Havre,Professeur (Vice-Président de l'université : Recherche - Valorisation - Etudes Doctorales),03 Jun 2014
Ershad,Lasker,,Khulna University,Assistant Professor,30 May 2014
Veerendra Kumar,Maharshi,,NRW Holdings,Production Engineer,28 May 2014
Fu,shihui,,zhengzhou university,nonlinear dynamics,27 May 2014
Tianping,Chen,,Fudan University,Professor,15 May 2014
Greg,Spinos,,3D Model Club Ltd,"Business Development Manager, Sales, CAD/CAM Engineering Services",22 Apr 2014
Prof. Shaban,Aly,,"Department of Mathematics, Faculty of Scienc, Al-Azhar Unversitu",Professor Of Mathematics,22 Apr 2014
Mohammad,"Mainul Hoque, PhD",,University of Newcastle,Research Associate,08 Apr 2014
Marius,Gerber,,Punter Southall Group,Investment Director,31 Mar 2014
John,Verran,,Wesfarmers,Analytics Lead | Advanced Analytics Centre ,26 Mar 2014
Krishna,Kottathra,,Krishna Consultancy Service,Owner,24 Mar 2014
Hadi,Taghvafard,,Universiteit Leiden,Postdoctoral Researcher,21 Mar 2014
Crystal,Lui,,Standard Chartered Bank,Information Security Manager,18 Mar 2014
Therese L,Ellis,,Staging Rentals & Construction ,Casual Crew,24 Feb 2014
paolo,bonifazi,,Ikerbasque ,Tenured Ikerbasque Researcher,23 Feb 2014
Yoshifumi,Nishio,,IEEE Circuits and Systems Society (CASS),Vice President - Regional Activities and Membership,22 Feb 2014
Timothy,Lau,,Ximplar Limited,Software Developer,21 Feb 2014
Gene,Stanley,,Boston University,"Professor of Physics, Chemistry, Biomed.Engineering, Physiology",18 Feb 2014
Brenda,Tournier,,University of Portsmouth,Associate Director Alumni Relations & Advancement,17 Feb 2014
Tamas,Vicsek,,Eötvös Loránd University,university professor,11 Feb 2014
Javier,Martín Buldú,,Centre for Biomedical Technology,Principal Investigator of the Laboratory of Biological Networks,04 Feb 2014
Paul,Rapp,,Uniformed Services University of the Health Sciences,Professor,04 Feb 2014
Qingying,Miao,,Shanghai Jiao Tong University,Teacher,03 Feb 2014
Gianluca,Setti,,IEEE,Editor In Chief - Proceedings of the IEEE,03 Feb 2014
Yaneer,Bar-Yam,,New England Complex Systems Institute,President,29 Jan 2014
Takashi,Shimada,,"Mathematics and Informatics Center & Dept. of Systems Innovation, The University of Tokyo",Associate Professor,29 Jan 2014
Wei,Lin,,Fudan University,Professor,29 Jan 2014
Amit,Mishra,,GLOBALFOUNDRIES,Principle Design Engineer,29 Jan 2014
Eddie,Chow,,Supply Chain Solutions (Asia) Ltd,Manager - China Office,18 Jan 2014
海峰,张,,Anhui University,Associate Professor,07 Jan 2014
Da Ping,Da Ping,,MPIPKS,researcher,07 Jan 2014
Brian,Winkel,,SIMIODE,Director,01 Jan 2014
Pengliang,SHI,,"Tsinghua Tongfang Knowledge Network Technology Co., Ltd.(Beijing)(TTKN)",No Title,19 Dec 2013
Li,李闯,,NCEPU,master,16 Dec 2013
Roberto Andres,Camacho Perez,,UABC,Profesor,30 Nov 2013
Ruiqi,Li,,Beijing University of Chemical Technology,Associate Professor,13 Nov 2013
Peter,Cooper,,Adyen,VP Information Security,06 Nov 2013
Michael,Small,,,,05 Nov 2013
Wu,Qingchu,,Jiangxi Normal University,teacher,30 Sep 2013
Michael Mihai,Mihnea,,Santos Ltd,Project Manager,13 Sep 2013
Yongxiang,Zhang,,"College of Science, Shenyang Agricultural University",Associate Professor,07 Sep 2013
Jiajing,Wu,,Sun Yat-sen University,Lecturer,02 Sep 2013
Linjun,Zhang,,Rutgers University,Assistant Professor,28 Aug 2013
Ningde,Jin,,Tianjin University,Professor,27 Aug 2013
Junfeng,SUN,,,,18 Aug 2013
Ricardo,Rios,,Instituto de Ciências Matemáticas e de Computação (ICMC) - USP,Postdoctoral Researcher,16 Aug 2013
Juan Rafael,Orozco Arroyave,,Universidad de Antioquia,Associate Professor,14 Aug 2013
Dilusha,Silva,,The University of Western Australia,Research Professor,13 Aug 2013
Anne,Geiger De Feo,,EPER - Entraide protestante suisse,Marketing and web manager,13 Aug 2013
Xiumin,Li,,,,13 Aug 2013
Sivarit,"Sultornsanee, Ph.D.",,SCG,"Advisor - Data Science & Machine Learning, Digital Office / SCG CBM",13 Aug 2013
Clive,Poole,,University College London,Associate Professor (Teaching),11 Aug 2013
Sajid,Iqbal,,"University of Engineering and Technology, Lahore. Pakistan.",Assistant Professor,06 Aug 2013
Changpin,Li,,Shanghai University,Professor,04 Aug 2013
Y.M.,Lai,,Hong Kong Polytechnic University,Associate Professor,02 Aug 2013
Robert,Cooke,,Hitachi Vantara,Project Manager,30 Jul 2013
Xin,Xing,,,,19 Jul 2013
Itai,Einav,,University of Sydney,Professor,18 Jul 2013
Freeman,Kwok,,Deloitte Digital,Manager,18 Jul 2013
Kyle,Zhang,,,,17 Jul 2013
Niels,Wessel,,Humboldt-Universität zu Berlin,Leiter Kardiovaskuläre Physik,09 Jul 2013
Panos,Argyrakis,,Aristotle University of Thessaloniki,Professor,08 Jul 2013
Mario,di Bernardo,,University of Naples Federico II,Full Professor of Automatic Control,07 Jul 2013
Xinghuo,Yu,,IEEE Industrial Electronics Society,Junior Past President,04 Jul 2013
Ingo,Fischer,,IFISC (Institute for Cross-Disciplinary Physics and Complex Systems),Professor,04 Jul 2013
nariman,mahdavi,,CSIRO,Team Lead,04 Jul 2013
K. Y. Michael,Wong,,HKUST,Professor,29 Jun 2013
Jeff,Small,,FinAction Ltd,Director,27 Jun 2013
Annual Review of,Chaos theory and Dynamical Systems,,Mathematics,Doctor,26 Jun 2013
Yang,Kang,,The D. E. Shaw Group,Quantitative Analyst,24 Jun 2013
Debajyoti,Saha,,Saha Institute of Nuclear Physics,Senior Research Fellow,22 Jun 2013
Prathamaa,Deepak,,Infosys,software analyst,11 Jun 2013
Plamen Ch.,Ivanov,,Boston University,Research Professor,06 Jun 2013
Annie,Leung,,YATA Limited,Marketing Manager,04 Jun 2013
Sylvia,Small,,Editing and proofreading academic articles and books,English Language Consultant,17 May 2013
Theodoros,Karakasidis,,University of Thessaly,Professor,06 May 2013
Luc,Bergé,,CEA,Head of Lab. - DR CEA,05 May 2013
Marc,Lefranc,,University of Lille 1 Sciences and Technology,Professor of Physics,05 May 2013
秉宏,汪,,University of Science and Techchnology of China,Professor,05 May 2013
Christophe,Letellier,,Université de Rouen,Full Professor,18 Apr 2013
宇,王 ,,广州中林资本,合伙人/首席投资官,12 Apr 2013
Changgui,Gu,,,,09 Apr 2013
Dr. Dushyant,Tanna,,Angad Australian Institute of Technology,Academic Manager,08 Apr 2013
Brian,ZHENG,,Mynd – Property Management,Data Analytics Manager,19 Mar 2013
Imran,Khan ,,National Electric Power Regulatory Authority,Deputy Director (Finance),13 Mar 2013
,,,,,11 Mar 2013
Rachel,Wong,,Noah Workshop,Managing Partner,08 Mar 2013
Sharon,Lau,,D & P Consultants,Recruitment Consultant,08 Mar 2013
Reik,Donner,,Hochschule Magdeburg-Stendal (FH),"Professor for Mathematics, especially Data Science and Stochastic Modeling",25 Feb 2013
Lidan,Hu,,,,13 Feb 2013
Justin,Lau,,Nomura,"Associate, Change Management",30 Jan 2013
Aboul Ella, Hassanien,,Cairo Univeristy ,Professor,29 Jan 2013
Zhuo,Hui,,Facebook,Applied Research Scientist,24 Jan 2013
Jian-Bo,Wang,,,,22 Jan 2013
Juergen,Kurths,,PIK - Potsdam institute for Climate Impact Research,professor,22 Jan 2013
Zhongke,Gao,,Tianjin University,Lecturer,21 Jan 2013
Harry,Jackson,,,,15 Jan 2013
Peter,Csermely and 9k talents,,Turbine (http://turbine.ai),Founder and Scientific Advisor,07 Jan 2013
Ali,sabbagh,,Schiller International University - Paris Campus,Assistant Professor,29 Nov 2012
Trevor,Garnett,,GRDC,"Manager, Research Platforms",18 Nov 2012
Ute,Roessner,,"School of BioSciences, Faculty of Science, The University of Melbourne",Professor for Plant Biocchemistry,12 Nov 2012
Ping,Li,,Southwest Petroleum University,Professor,06 Nov 2012
Reza,Masoumi,,EORC,Project Manager,06 Nov 2012
Bill,MacPherson,,Heriot-Watt University,Lecturer,10 Sep 2012
Xiao Fan,LIU,,City University of Hong Kong,Assistant Professor,04 Sep 2012
Esther,Yip,,HSBC Global Banking and Markets,Senior Production Support Manager,13 Jul 2012
Rodrigo,Mello,,University of Sao Paulo,Associate Professor,06 Jul 2012
Weicai,Zhong,,华为消费者业务,AI Service Leader，CBG,15 Jun 2012
Nrupatunga,.,,BYJU'S (Think & Learn Pvt. Ltd.),Research Engineer,13 Jun 2012
Chuwei,ZHOU,,Vanke,Business Operation & Management,11 Jun 2012
Xin-Jian,Xu,,Shanghai University,Professor,01 Jun 2012
Sunny,Yuk,,ORSYP,Software Consultant,15 May 2012
Huang,Tingwen,,Texas A&M Univ. at Qatar,Professor,05 May 2012
Bryan,Scott,,Overwatch Energy,Deputy Operations Manager,27 Apr 2012
Gil,Hardwick,,Environmental Film Group West,Writer and Director,02 Apr 2012
Hang,ZHOU,,University of Western Australia,Research Fellow,20 Mar 2012
Allen,Min Rui,,Stemcon Pty Ltd,Design Manager,16 Mar 2012
Lou,Pecora,,Naval Research Laboratory,Research Physicist,24 Jan 2012
Tomomichi,Nakamura,,University of Hyogo,Professor,24 Jan 2012
Danny,Wong,,HSBC,Senior Development Specialist,20 Jan 2012
Jeff,Dixon,,,,16 Jan 2012
asha,sharma,,Cambrige University Press India Pvt Ltd,Procurement Executive,12 Dec 2011
Kewei,Wang,,City University of Hong Kong,Research Assistant,06 Dec 2011
Kevin Weiran,Wang,,CICC,Vice President Investment Consultant,17 Nov 2011
Julie,Sleep,,University of South Australia,Graduate Research Student,07 Nov 2011
Patrick,Celka,,SATHeart,CEO,28 Oct 2011
Wlodzimierz,Klonowski,,Polish Academy of Sciences,Professor,28 Oct 2011
Pete Gable,"IECL,CH, ALIC",,Pete Gable Leadership Coaching,Personal Leadership Coaching,04 Oct 2011
B,Fong,,Providence University,Professor,15 Sep 2011
Kui-Tian,Xi,,Zhejiang University (ZJU),Assistant Researcher,02 Sep 2011
Patrick,Cheung,,PCCW Solutions Limited,Senior Solution Specialist,24 Aug 2011
Wlodzimierz,"Klonowski, PhD, DSc",,Polish Academy of Sciences,Professor,09 Aug 2011
Jie,Zhang,,Fudan University,Professor,03 Aug 2011
Dimitris,Kugiumtzis,,Aristotle University of Thessaloniki,Professor,03 Aug 2011
Diego L.,Guarín,,Florida Institute of Technology,Assistant Professor,01 Aug 2011
Jun,Wang,,CUHK,Professor,01 Aug 2011
Zhyky,Zhao,,"Shenzhen Graduate School, Harbin Institute of Techonooigy",Associate Professor,01 Aug 2011
Michelle,Li,,FactSet,Portfolio Analytics Specialist,18 Jul 2011
Shiwei,Zhou,,KLA,Algorithm Engineer,18 Jul 2011
Chi K. Michael,Tse,,University of Melbourne,Honorary Professorial Fellow,06 Jul 2011
Roy,Horan,,Innovea Ltd.,Founder & CEO,21 Jun 2011
Maciej,Ogorzalek,,Jagiellonian University,Professor,21 Jun 2011
Chenping,朱陈平,,ju long froup jilong coal mining,teacher,14 Jun 2011
Prabhat,Shankar,,ABB,"Senior R&D Engineer, Robotics and Motion Department",26 Apr 2011
Costas,Vorlow Ph.D.,,IMAR International Markets & Risk,Director of Quantitative Research,18 Apr 2011
Will,Kwong,,AAS Education Consultancy (博華海外升學中心),General Manager,22 Mar 2011
Yining,Sun,,HSBC,Associate Director,14 Mar 2011
wei,bian,,University of Technology Sydney,Lecturer,09 Mar 2011
Zhaohan,LI,,,,04 Mar 2011
Kay,Pang,,Bank Of China (Hong Kong) Limited,System Development Manager,03 Mar 2011
Paul,Allen,,ImageOut,Treasurer,10 Jan 2011
Berndt,"Pilgram, Dr.",,Infineon Technologies,Director,10 Jan 2011
Cristian,Carmeli,,University of Fribourg,Maître d'enseignement et de recherche,06 Jan 2011
Kevin,Judd,,University of Western Australia,Professor,06 Jan 2011
Max,Little,,University of Birmingham,Associate Professor,04 Jan 2011
Hongdong,QIN,,Shenzhen University,Postdoctoral Researcher,08 Dec 2010
,,,,,29 Sep 2010
Lewis,Liu,,Google,Product Manager,30 Aug 2010
Juan Diego,Sánchez Torres,,ITESO Universidad Jesuita de Guadalajara,Associate Professor,07 Jun 2010
Chris,Skelly,,Public Health Dorset,Head of Programmes (Research & Intelligence),11 Jan 2010
Kayalvizhi,Mohan,,Agni College Of Technology,Head Of Department Biomedical department,30 Nov 2009
Shrawan,"Jha, PhD, SMIEEE",,CENSIS - Innovation Centre for Sensor and Imaging Systems,Senior Engineer (Technology Strategy & Innovation),16 Nov 2009
Wei,LI,,Huawen Media Investment Corporation,General Manager,27 Oct 2009
Zhang,Jie,,Hong Kong Polytechnic University,postdoc,08 Oct 2009
JP,Barnard,,Minopex Technical Systems,MOMS Senior Systems Engineer R&D,07 Oct 2009
David,Walker,,The University of Western Australia,Senior Lecturer,07 Oct 2009
Qingqiang,"Yang, CFA",,Bank of America Merrill Lynch,"Vice President, Desk Quant",21 Sep 2009