Source,FirstName,LastName,Companies,Title,Emails,PhoneNumbers,CreatedAt,Addresses,Sites,InstantMessageHandles,FullName,Birthday,Location,BookmarkedAt,Profiles
MOBILE_CONTACTS,Graciano,Kattas,null,,"g.dieck@connect.polyu.hk, 10900452R@eie.polyu.edu.hk, gdieck@gmail.com",,"1/23/12, 3:18 PM",,,,,,,,
MOBILE_CONTACTS,Paula,Langley,null,,plangley@faculty.uwa.edu.au,,"1/23/12, 3:18 PM",,,,,,,,
MOBILE_CONTACTS,Jürgen,Kurths,null,,kurths@pik-potsdam.de,,"1/23/12, 3:18 PM",,,,,,,,
MOBILE_CONTACTS,Ute,Roessner,University of Melbourne,,u.roessner@unimelb.edu.au,,"1/23/12, 3:18 PM",,,,,,,,
MOBILE_CONTACTS,Sayan,Mukherjee,null,,msayan80@gmail.com,,"1/23/12, 3:18 PM",,,,,,,,
MOBILE_CONTACTS,sanjari,sanjari,null,,sanjarima@alum.sharif.edu,,"1/23/12, 3:18 PM",,,,,,,,
MOBILE_CONTACTS,Robyn,Owens,null,,rowens@admin.uwa.edu.au,,"1/23/12, 3:18 PM",,,,,,,,
MOBILE_CONTACTS,Rea,Bundock,University of South Australia,,Rea.Bundock@unisa.edu.au,,"1/23/12, 3:18 PM",,,,,,,,
MOBILE_CONTACTS,philippe,faure,null,,phfaure@gmail.com,,"1/23/12, 3:18 PM",,,,,,,,
MOBILE_CONTACTS,Yong,Zou,null,,Yong.Zou@polyu.edu.hk,,"1/23/12, 3:18 PM",,,,,,,,
MOBILE_CONTACTS,Trevor,Garnett,null,,trevor.garnett@acpfg.com.au,,"1/23/12, 3:18 PM",,,,,,,,
MOBILE_CONTACTS,Andrew,Bassom,null,,head@maths.uwa.edu.au,,"1/23/12, 3:18 PM",,,,,,,,
MOBILE_CONTACTS,Mahmood,Golzarian,University of South Australia,,Mahmood.Golzarian@unisa.edu.au,,"1/23/12, 3:18 PM",,,,,,,,
MOBILE_CONTACTS,Vivien,Yap,null,,vivien.yap@acton.com.au,,"1/23/12, 3:18 PM",,,,,,,,
MOBILE_CONTACTS,Andrew,Parfitt,University of South Australia,,andrew.parfitt@unisa.edu.au,,"1/23/12, 3:18 PM",,,,,,,,
MOBILE_CONTACTS,Alan,Robson,null,,arobson@admin.uwa.edu.au,,"1/23/12, 3:18 PM",,,,,,,,
MOBILE_CONTACTS,Mark,Tester,null,,mark.tester@acpfg.com.au,,"1/23/12, 3:18 PM",,,,,,,,
MOBILE_CONTACTS,Michael,Small,null,,"michael.a.small@gmail.com, small@ieee.org, ensmall@polyu.edu.hk, michael.small@uwa.edu.au","27664744, 25171093, 23628439, 91552906, 68913286, 0414781511, 27664744","1/23/12, 3:18 PM",,,,,,,,
MOBILE_CONTACTS,Peter,Langridge,null,,peter.langridge@acpfg.com.au,,"1/23/12, 3:18 PM",,,,,,,,
MOBILE_CONTACTS,Kenji,Morita,null,,morita@brain.riken.jp,,"1/23/12, 3:18 PM",,,,,,,,
MOBILE_CONTACTS,Andrea,French,null,,andrea.french@acpfg.com.au,,"1/23/12, 3:18 PM",,,,,,,,
MOBILE_CONTACTS,Russell,Hooper,null,,Russell.Hooper@hutton.ac.uk,,"1/23/12, 3:18 PM",,,,,,,,
MOBILE_CONTACTS,Stan,Miklavcic,University of South Australia,,Stan.Miklavcic@unisa.edu.au,,"1/23/12, 3:18 PM",,,,,,,,
MOBILE_CONTACTS,Kevin,Kevin,null,,Kevin.Judd@uwa.edu.au,,"1/23/12, 3:18 PM",,,,,,,,
MOBILE_CONTACTS,,,null,,corporate8@grace.com.au,,"1/23/12, 3:18 PM",,,,,,,,
MOBILE_CONTACTS,John,Dell,null,,john.dell@uwa.edu.au,,"1/23/12, 3:18 PM",,,,,,,,
MOBILE_CONTACTS,Ruoxi,XIANG,null,,Ms.Ruoxi-Xiang@connect.polyu.hk,,"1/23/12, 3:18 PM",,,,,,,,
MOBILE_CONTACTS,itai.einav@sydney.ed,itai.einav@sydney.edu.au,null,,itai.einav@sydney.edu.au,,"1/23/12, 3:18 PM",,,,,,,,
MOBILE_CONTACTS,Elizabeth,Tepper,null,,ltepper@cogitohealth.com,,"1/23/12, 3:18 PM",,,,,,,,
MOBILE_CONTACTS,,,null,,tahmasebpour@ut.ac.ir,,"1/23/12, 3:18 PM",,,,,,,,
MOBILE_CONTACTS,jamesrofile,jamesrofile,null,,jamesrofile@gmail.com,,"1/23/12, 3:18 PM",,,,,,,,
MOBILE_CONTACTS,Ricardo,Rios,null,,rios.fsa@gmail.com, +55 16 88134482,"1/23/12, 3:18 PM",,,,,,,,
MOBILE_CONTACTS,Xiumin,Li,null,,"freexmin@gmail.com, free_xmin@hotmail.com",,"1/23/12, 3:18 PM",,,,,,,,
MOBILE_CONTACTS,,,University of South Australia,,julie.sleep@unisa.edu.au,,"1/23/12, 3:18 PM",,,,,,,,
MOBILE_CONTACTS,,,null,,lydia.cheung@asiantigers-hongkong.com,,"1/23/12, 3:18 PM",,,,,,,,
MOBILE_CONTACTS,Rodrigo,Mello,null,,mellorf@gmail.com,,"1/23/12, 3:18 PM",,,,,,,,
MOBILE_CONTACTS,David,Walker,University of Melbourne,,dmwalker@unimelb.edu.au,,"1/23/12, 3:18 PM",,,,,,,,
MOBILE_CONTACTS,Paula,Langley,null,,paula.langley@uwa.edu.au,,"1/23/12, 3:18 PM",,,,,,,,
MOBILE_CONTACTS,,,null,,karen.simon@taylorandfrancis.com,,"1/23/12, 3:18 PM",,,,,,,,
MOBILE_CONTACTS,Stacy,Osenbaugh,null,,stacy.osenbaugh@uwa.edu.au,,"1/23/12, 3:18 PM",,,,,,,,
MOBILE_CONTACTS,AJM,Sipers,null,,aloys.sipers@zuyd.nl,,"1/23/12, 3:18 PM",,,,,,,,
MOBILE_CONTACTS,Antoinette,Tordesillas,University of Melbourne,,"ttordesillas@gmail.com, atordesi@ms.unimelb.edu.au",,"1/23/12, 3:18 PM",,,,,,,,
MOBILE_CONTACTS,Joselyn,Banks-Kyle,null,,joselyn.banks@taylorandfrancis.com,,"6/21/11, 12:46 AM",,,,,,,,
MOBILE_CONTACTS,Wendy,Wendy,null,,silverdale@bordernet.com.au,"0429145251, +61899272674","6/21/11, 12:46 AM",,,,,,,,
MOBILE_CONTACTS,Jane,Downie,null,,jane.downie@uwa.edu.au,,"6/21/11, 12:46 AM",,,,,,,,
MOBILE_CONTACTS,,,null,,norbert.marwan@gmail.com,,"6/21/11, 12:46 AM",,,,,,,,
MOBILE_CONTACTS,Ian,Small,null,,iansmall@cyllene.uwa.edu.au,,"6/21/11, 12:46 AM",,,,,,,,
MOBILE_CONTACTS,Yoshito,Hirata,null,,"yoshito@sat.t.u-tokyo.ac.jp, yoshito@s6.dion.ne.jp",,"6/21/11, 12:46 AM",,,,,,,,
MOBILE_CONTACTS,Debbie,Thackray,null,,debbie.thackray@uwa.edu.au,,"6/21/11, 12:46 AM",,,,,,,,
MOBILE_CONTACTS,,,City University of Hong Kong,,eekstang@cityu.edu.hk,,"6/21/11, 12:46 AM",,,,,,,,
MOBILE_CONTACTS,,,null,,thomas@maths.uwa.edu.au,,"6/21/11, 12:46 AM",,,,,,,,
MOBILE_CONTACTS,Alison,Harris,University of South Australia,,Alison.Harris@unisa.edu.au,,"6/21/11, 12:46 AM",,,,,,,,
MOBILE_CONTACTS,Danny,Yu,null,,dejin_yu@yahoo.com,,"1/3/11, 6:04 PM",,,,,,,,
MOBILE_CONTACTS,Marius,Gerber,null,,mgerber@austarnet.com.au,"0438630316, +61357555177","1/3/11, 6:04 PM",,,,,,,,
MOBILE_CONTACTS,Norbert,Marwan,null,,marwan@pik-potsdam.de,,"1/3/11, 6:04 PM",,,,,,,,
MOBILE_CONTACTS,Kwok,Lo [EIE],null,Associate Professor,enktlo@inet.polyu.edu.hk,"23628439, 6256","1/3/11, 6:04 PM",State:Academic Staff Type:work Primary:No,,,,,,,
MOBILE_CONTACTS,Xiaodong,Luo,null,,02901694r@polyu.edu.hk,,"1/3/11, 6:04 PM",,,,,,,,
MOBILE_CONTACTS,Karl,(Perth),null,,sharlo@dodo.com.au,92453116,"1/3/11, 6:04 PM",Moorland State:Street Postal Code:8 Type:home Primary:No,,,,,,,
MOBILE_CONTACTS,Steve,Stick,null,,"stephen.stick@health.wa.gov.au, stephen.stick@mac.com",,"1/3/11, 6:04 PM",,,,,,,,
MOBILE_CONTACTS,,,null,,nolta10SS@is.tokushima-u.ac.jp,,"1/3/11, 6:04 PM",,,,,,,,
MOBILE_CONTACTS,Joseph,Grotowski,null,,grotow@maths.uq.edu.au,,"1/3/11, 6:04 PM",,,,,,,,
MOBILE_CONTACTS,Changsong,Zhou,HKBU,,cszhou@hkbu.edu.hk,,"1/3/11, 6:04 PM",,,,,,,,
MOBILE_CONTACTS,Ryan,[EIE],null,Scientific Officer II,enmcyau@inet.polyu.edu.hk,6195,"1/3/11, 6:04 PM",State:Scientific Officer II Type:work Primary:No,,,,,,,
MOBILE_CONTACTS,Frank,[EIE],null,Associate Professor,enfrank@inet.polyu.edu.hk,"6224, 23628439","1/3/11, 6:04 PM",State:Academic Staff Type:work Primary:No,,,,,,,
MOBILE_CONTACTS,Pak,[EIE],null,"Associate Head, Department of EIE",enpklun@inet.polyu.edu.hk,"6255, 23628439","1/3/11, 6:04 PM",State:Academic Staff Type:work Primary:No,,,,,,,
MOBILE_CONTACTS,XIA,Yongxiang,null,Postdoctoral Fellow,enyxxia@eie.polyu.edu.hk,4743,"1/3/11, 6:04 PM",PF Type:work Primary:No,,,,,,,
MOBILE_CONTACTS,Ginny,Ginny,Ginny,,ginny@onjet.hk,"3568 7105, 3568 7103","1/3/11, 6:04 PM",108-110 Fuk Street City:King State:San Po Kong Type:home Primary:No,,,,,,,
MOBILE_CONTACTS,Paul,Allen,null,,"paul_allen@urmc.rochester.edu, pallen@cvs.rochester.edu, paul.denis.allen@gmail.com",,"1/3/11, 6:04 PM",,,,,,,,
MOBILE_CONTACTS,Jennifer,Simonotto,Heriot-Watt University,,phyjdt@phy.hw.ac.uk,,"1/3/11, 6:04 PM",,,,,,,,
MOBILE_CONTACTS,Sylvia,Small,null,,"accounting@grittiocean.com.hk, sylviasmall@lycos.com"," +85262918519, 92458134, +85227934746, +85227934746, 25171093, +85225171093, 0406354149, 67106057","1/3/11, 6:04 PM",,,,,,,,
MOBILE_CONTACTS,Peter,Kranich,Agilent,,peter_kranich@agilent.com,,"1/3/11, 6:04 PM",,,,,,,,
MOBILE_CONTACTS,Lester,Lee,null,,lestlee@yahoo.com,,"1/3/11, 6:04 PM",,,,,,,,
MOBILE_CONTACTS,Suki,[EIE],null,Clerical Officer II,enying@inet.polyu.edu.hk,6245,"1/3/11, 6:04 PM",G.O. Type:work Primary:No,,,,,,,
MOBILE_CONTACTS,Phyllis,[EIE],null,Administrative Officer,enphylis@inet.polyu.edu.hk,6225,"1/3/11, 6:04 PM",G.O. Type:work Primary:No,,,,,,,
MOBILE_CONTACTS,Chi K. Michael,Tse,HK Polytechic Univ.,Prof,encktse@polyu.edu.hk,"92701816, 0411173855","1/3/11, 6:04 PM",,,,,,,,
MOBILE_CONTACTS,Andrew,Clark,The Worldbank,,aclark1@worldbank.org,,"1/3/11, 6:04 PM",,,,,,,,
MOBILE_CONTACTS,Mathew,Vodanovich,null,,"mattv@wanet.com.au, mattyvad@hotmail.com",9355 5857,"1/3/11, 6:04 PM",19B City:Lathlain State:Gallipoli Country:st Postal Code:6100 Type:home Primary:No,,,,,,,
MOBILE_CONTACTS,Xinchu,Fu,null,,enxcfu@gmail.com,,"1/3/11, 6:04 PM",,,,,,,,
MOBILE_CONTACTS,Chi,[EIE],null,Assistant Professor,enchikin@inet.polyu.edu.hk,"23628439, 6260","1/3/11, 6:04 PM",State:Academic Staff Type:work Primary:No,,,,,,,
MOBILE_CONTACTS,Brian,McMillan,null,,Brian.McMillan@academic-search.net,,"1/3/11, 6:04 PM",,,,,,,,
MOBILE_CONTACTS,Michael,[EIE],null,Professor,encktse@inet.polyu.edu.hk,"23628439, 6246","1/3/11, 6:04 PM",State:Academic Staff Type:work Primary:No,,,,,,,
MOBILE_CONTACTS,Blair,Williams,null,,blairkw@mech.uwa.edu.au,,"1/3/11, 6:04 PM",,,,,,,,
MOBILE_CONTACTS,Delme,Pritchard,Heriot-Watt University,,"D.J.Pritchard@hw.ac.uk, delmej@clara.net",,"1/3/11, 6:04 PM",,,,,,,,
MOBILE_CONTACTS,Neil,Grubb,null,,N.Grubb@ed.ac.uk,,"1/3/11, 6:04 PM",,,,,,,,
MOBILE_CONTACTS,Y.M.,Lai,null,Associate Professor,"enymlai@inet.polyu.edu.hk, encmlau@inet.polyu.edu.hk","6254, 6254, 6206, 23628439","1/3/11, 6:04 PM",State:Academic Staff Type:work Primary:No,,,,,,,
MOBILE_CONTACTS,Alistair,Mees,null,,"alistairmees@gmail.com, friends@alistairmees.fastmail.fm, amees@se.cuhk.edu.hk, alistairmees@fastmail.fm",,"1/3/11, 6:04 PM",,,,,,,,
MOBILE_CONTACTS,Stefano,Boccaletti,null,,stefano@ino.it,,"1/3/11, 6:04 PM",,,,,,,,
MOBILE_CONTACTS,Cees,Diks,Universiteit van Amsterdam,Prof,diks@fee.uva.nl,,"1/3/11, 6:04 PM",,,,,,,,
MOBILE_CONTACTS,Danny,Express,null,,dchiu@we.com.hk,,"1/3/11, 6:04 PM",,,,,,,,
MOBILE_CONTACTS,Catherine,McAvoy,Heriot-Watt University,,"Catherine.McAvoy@avecia.com, C.McAvoy@hw.ac.uk",,"1/3/11, 6:04 PM",,,,,,,,
MOBILE_CONTACTS,Henry,Small,null,,hsmall30@gmail.com,,"1/3/11, 6:04 PM",,,,,,,,
MOBILE_CONTACTS,Maciej,Ogorzalek,null,,maciej.ogorzalek@uj.edu.pl,,"1/3/11, 6:04 PM",,,,,,,,
MOBILE_CONTACTS,Max,Little,null,,"littlem@robots.ox.ac.uk, max.a.little@gmail.com",,"1/3/11, 6:04 PM",,,,,,,,
MOBILE_CONTACTS,Geza,Geza,null,Visiting Professor,enkgeza@eie.polyu.edu.hk,7723,"1/3/11, 6:04 PM",State:Academic Staff Type:work Primary:No,,,,,,,
MOBILE_CONTACTS,Dmitry,Mukhin,null,,mukhin@appl.sci-nnov.ru,,"1/3/11, 6:04 PM",,,,,,,,
MOBILE_CONTACTS,Richard,Clayton,Leeds University,Dr,richard@cbiol.leeds.ac.uk,,"1/3/11, 6:04 PM",,,,,,,,
MOBILE_CONTACTS,David,Walker,Macaulay Institute,,"mcpetrie@lycos.com, mcpetrie@gmail.com","07890355187, +85268012107, 0420905696","1/3/11, 6:04 PM",", Scotland City:Aberdeen State:AB15 Country:gb Postal Code:8QH Type:home Primary:No",,,,,,,
MOBILE_CONTACTS,,,Cambridge University,,hpcr@cam.ac.uk, +447887750788,"1/3/11, 6:04 PM",,,,,,,,
MOBILE_CONTACTS,Yiu,[EIE],null,Technician,enymwong@polyu.edu.hk,6203,"1/3/11, 6:04 PM",State:Technical Staff Type:work Primary:No,,,,,,,
MOBILE_CONTACTS,Cora,[EIE],null,Clerical Officer II,encora@inet.polyu.edu.hk,6245,"1/3/11, 6:04 PM",G.O. Type:work Primary:No,,,,,,,
MOBILE_CONTACTS,Bill,MacPherson,Heriot-Watt University,,"W.N.MacPherson@hw.ac.uk, PHYWNM.phy.hw@phyfsa.phy.hw.ac.uk",,"1/3/11, 6:04 PM",,,,,,,,
MOBILE_CONTACTS,Ngai,[EIE],null,Assistant Professor,ennflaw@inet.polyu.edu.hk,"4746, 23628439","1/3/11, 6:04 PM",State:Academic Staff Type:work Primary:No,,,,,,,
MOBILE_CONTACTS,Junfeng,SUN,SJTU,,"sun.junfeng@polyu.edu.hk, sunjunfeng.sjtu@gmail.com",,"1/3/11, 6:04 PM",,,,,,,,
MOBILE_CONTACTS,zhanghaifeng,zhanghaifeng,null,,zhhf@eieserver.eie.polyu.edu.hk,,"1/3/11, 6:04 PM",,,,,,,,
MOBILE_CONTACTS,Jie,Zhang,null,FT PhD Student,"jzhang080@gmail.com, 04901179r@net3.eie.polyu.edu.hk, 04901179R@eie.polyu.edu.hk",4365,"1/3/11, 6:04 PM",FT State:PhD Type:work Primary:No,,,,,,,
MOBILE_CONTACTS,Alex,Wai,null,,enwai@inet.polyu.edu.hk,,"1/3/11, 6:04 PM",,,,,,,,
MOBILE_CONTACTS,Yui,[EIE],null,Assistant Professor,enylchan@inet.polyu.edu.hk,"6213, 23628439","1/3/11, 6:04 PM",State:Academic Staff Type:work Primary:No,,,,,,,
MOBILE_CONTACTS,Bernie,Pilgram,Infineon Technologies AG,,"aon.962008050@aon.at, bernie.pilgram@googlemail.com, Berndt.Pilgram@infineon.com, bernie.pilgram@bluewin.ch, bernie_pilgram@t-online.de","49 89 23481632, 49 89 54217616, 49 160 97809149","1/3/11, 6:04 PM",,,,,,,,
MOBILE_CONTACTS,Guanrong,Chen,City University of HK,Prof,EEGCHEN@cityu.edu.hk,,"1/3/11, 6:04 PM",,,,,,,,
MOBILE_CONTACTS,JP,Barnard,The Mathworks,,"chaos_za_1999@yahoo.co.uk, jp.barnard@yahoo.co.uk, jbarnard@mathworks.com"," +27218084955, 1 508 333 2463","1/3/11, 6:04 PM",", City:Framingham State:MA Country:us Postal Code:01702 Type:home Primary:No",,,,,,,
MOBILE_CONTACTS,Tomomichi,Nakamura,null,,"BXM03425@nifty.com, tomo@sim.u-hyogo.ac.jp, tomo@csl.sony.co.jp"," +81354484380, +81356820630","1/3/11, 6:04 PM",Sony Computer Science Laboratories Inc. City:Shinagawa-ku State:Tokyo Country:jp Postal Code:3-14-13 Higashigotanda Type:work Primary:No,,,,,,,
MOBILE_CONTACTS,Kathryn,Lyons,null,,k.lyons@uq.edu.au,,"1/3/11, 6:04 PM",,,,,,,,
MOBILE_CONTACTS,Wendy and Murray and,Small,null,,maandwesmall@bigpond.com,,"1/3/11, 6:04 PM",,,,,,,,
MOBILE_CONTACTS,Alan,Welsh,null,,Alan.Welsh@anu.edu.au,,"1/3/11, 6:04 PM",,,,,,,,
MOBILE_CONTACTS,Kevin,Judd,University of WA,Dr,kevin@maths.uwa.edu.au, +61414184210,"1/3/11, 6:04 PM",,,,,,,,
MOBILE_CONTACTS,Jasna,Halilovic,null,,Jasna.Halilovic@innovation.gov.au,,"1/3/11, 6:04 PM",,,,,,,,
MOBILE_CONTACTS,Joseph,[AMA],null,,Joseph.Lee@inet.polyu.edu.hk,93670400,"1/3/11, 6:04 PM",,,,,,,,
MOBILE_CONTACTS,Yuk,[EIE],null,Associate Professor,enyhchan@inet.polyu.edu.hk,"6264, 23628439","1/3/11, 6:04 PM",State:Academic Staff Type:work Primary:No,,,,,,,
MOBILE_CONTACTS,Bud,Fox,null,,budfox@ihpc.a-star.edu.sg,,"1/3/11, 6:04 PM",,,,,,,,
MOBILE_CONTACTS,Sandy,[EIE],null,Clerical Officer I,ensandy@inet.polyu.edu.hk,6223,"1/3/11, 6:04 PM",G.O. Type:work Primary:No,,,,,,,
MOBILE_CONTACTS,Annie,[EIE],null,Clerical Officer II,enannie@inet.polyu.edu.hk,6212,"1/3/11, 6:04 PM",G.O. Type:work Primary:No,,,,,,,
MOBILE_CONTACTS,Bertrand,Lee,null,,bertrandlee@yahoo.com,,"1/3/11, 6:04 PM",,,,,,,,
MOBILE_CONTACTS,Ron,Yang,null,,Z.R.Yang@ex.ac.uk,,"1/3/11, 6:04 PM",,,,,,,,
MOBILE_CONTACTS,Ningde,Jin,null,,ndjin@tju.edu.cn,,"1/3/11, 6:04 PM",,,,,,,,
MOBILE_CONTACTS,SHI,Pengliang,null,,pengliangshi@yahoo.com,,"1/3/11, 6:04 PM",,,,,,,,
MOBILE_CONTACTS,Valeri,Kovalev,Heriot-Watt University,,phykv@phy.hw.ac.uk,,"1/3/11, 6:04 PM",,,,,,,,
MOBILE_CONTACTS,Sau,[EIE],null,Assistant Professor,ensfhau@inet.polyu.edu.hk,"6258, 23628439","1/3/11, 6:04 PM",State:Academic Staff Type:work Primary:No,,,,,,,
MOBILE_CONTACTS,Ik,Heng,null,,iheng@physics.uwa.edu.au,,"1/3/11, 6:04 PM",,,,,,,,
MOBILE_CONTACTS,Shirley,[EIE],null,,Shirley.W.C.Ko@inet.polyu.edu.hk,,"1/3/11, 6:04 PM",,,,,,,,
MOBILE_CONTACTS,Tohru,Ikeguchi,null,,"tohru@nls.ics.saitama-u.ac.jp, tohru_ikeguchi@me.com",,"1/3/11, 6:04 PM",,,,,,,,
MOBILE_CONTACTS,Halina,Rubinsztein-Dunlop,null,,halina@physics.uq.edu.au,,"1/3/11, 6:04 PM",,,,,,,,
MOBILE_CONTACTS,Leena,Patel,Heriot-Watt University,,"L.Patel@hw.ac.uk, ceelp1@cee.hw.ac.uk",,"1/3/11, 6:04 PM",,,,,,,,
MOBILE_CONTACTS,Oscar,DE FEO,"University College Cork, Ireland",Lecturer,oscar.de-feo@a3.epfl.ch," +353 (0) 21 490 4571, +353 (0) 21 490 4573, +41 (0) 27 322 8969, +41 (0) 77 402 5763","1/3/11, 6:04 PM","Department of Microelectronic Engineering  Enterprise Centre, North City:City State:Cork Country:ie Postal Code:Mall Type:work Primary:No, C/O  FranÁois Perruchoud  chemin l'Agasse 27 City:Sion State:de Country:ch Postal Code:1950 Type:home Primary:No",,,,,,,
MOBILE_CONTACTS,Murray,Small,null,,smam@johnxxiii.edu.au,,"1/3/11, 6:04 PM",,,,,,,,
MOBILE_CONTACTS,Alan,Sanh,Heriot-Watt University,,"A.D.Sanh@hw.ac.uk, alan_sanh@yahoo.com",33 1 42 39 58 02,"1/3/11, 6:04 PM",France Type:home Primary:No,,,,,,,
MOBILE_CONTACTS,Xiaoke,Xu,Qingtao Univ,,"xuxk@eieserver.eie.polyu.edu.hk, xuxk@eie.polyu.edu.hk, xiaokeeie@gmail.com",,"1/3/11, 6:04 PM",,,,,,,,
MOBILE_CONTACTS,ZHOU,Jin,null,,"jzhou@whu.edu.cn, jzhou@eie.polyu.edu.hk",,"1/3/11, 6:04 PM",,,,,,,,
MOBILE_CONTACTS,Weiping,Lu,Heriot-Watt Univ.,Dr,phywl@phy.hw.ac.uk,,"1/3/11, 6:04 PM",,,,,,,,
MOBILE_CONTACTS,Tanja,Conradie,null,,tconradi@nbs.co.za,,"1/3/11, 6:04 PM",,,,,,,,
MOBILE_CONTACTS,Martin,[EIE],null,Senior Lecturer,enmartin@inet.polyu.edu.hk,"23628439, 6236","1/3/11, 6:04 PM",State:Academic Staff Type:work Primary:No,,,,,,,
MOBILE_CONTACTS,Dejin,Yu,null,,Dyu@bayspec.com,,"1/3/11, 6:04 PM",,,,,,,,
MOBILE_CONTACTS,Tim,Gargett,null,,tgargett@physics.uwa.edu.au,,"1/3/11, 6:04 PM",,,,,,,,
MOBILE_CONTACTS,Robert,Harrison,Heriot-Watt University,Prof.,phyrgh@phyfsa.phy.hw.ac.uk,,"1/3/11, 6:04 PM",,,,,,,,
MOBILE_CONTACTS,Yi,Zhao,Harbin Insitute of Technology,,"zhao.yi@polyu.edu.hk, 03901692R@net3.eie.polyu.edu.hk",,"1/3/11, 6:04 PM",,,,,,,,
MOBILE_CONTACTS,Wu,Qingchu,null,,wqingchu5@163.com,,"1/3/11, 6:04 PM",,,,,,,,
MOBILE_CONTACTS,Cristian,Carmelli,null,,cristian@eie.polyu.edu.hk,,"1/3/11, 6:04 PM",,,,,,,,
MOBILE_CONTACTS,Catherine,[EIE],null,Clerical Officer II,"encip@inet.polyu.edu.hk, encat@inet.polyu.edu.hk","6211, 6211, 6230","1/3/11, 6:04 PM",G.O. Type:work Primary:No,,,,,,,
MOBILE_CONTACTS,Chunnong,Zhou,null,,c.zhao@ecu.edu.au," +61892441768, +61893801844","1/3/11, 6:04 PM",,,,,,,,
MOBILE_CONTACTS,Ann,[EIE],null,Personal Secretary I,enann@inet.polyu.edu.hk,"23628439, 6262","1/3/11, 6:04 PM",G.O. Type:work Primary:No,,,,,,,
MOBILE_CONTACTS,Lou,Pecora,null,,pecora@anvil.nrl.navy.mil,,"1/3/11, 6:04 PM",,,,,,,,
MOBILE_CONTACTS,Itai,Einav,null,,itai.einav@gmail.com,,"11/19/13, 4:27 AM",,,,,,,,
MOBILE_CONTACTS,Herbert,Iu,null,,,0422670158,"11/19/13, 4:27 AM",,,,,,,,
MOBILE_CONTACTS,"Tony, Yu",Wang,null,,wangyu2100@gmail.com, +85261064955,"11/19/13, 4:27 AM",,,,,,,,
MOBILE_CONTACTS,Clive,Poole,null,,clivepoole@mac.com,,"11/19/13, 4:27 AM",,,,,,,,
MOBILE_CONTACTS,Jeff,Small,null,,jeff.small@xtra.co.nz, +6427 573 7643,"11/19/13, 4:27 AM",,,,,,,,
MOBILE_CONTACTS,Chenping,朱陈平,null,,chenpingzhu@yahoo.com.cn,,"11/19/13, 4:27 AM",,,,,,,,
MOBILE_CONTACTS,Kimi Chuwei,ZHOU,null,,zcw0322@gmail.com,(44)7784629472,"11/19/13, 4:27 AM",,,,,,,,
MOBILE_CONTACTS,QingQiang (Michael),Yang,null,,qingqiang.yang@gmail.com,,"11/19/13, 4:27 AM",,,,,,,,
MOBILE_CONTACTS,Xin-Jian,Xu,null,,xinjxu@shu.edu.cn, +86-21-66137882,"11/19/13, 4:27 AM",,,,,,,,
MOBILE_CONTACTS,City,Medical,null,,,93859131,"11/19/13, 4:27 AM",,,,,,,,
MOBILE_CONTACTS,Xin,Xing,null,,xingxin@mail.ustc.edu.cn,,"11/19/13, 4:27 AM",,,,,,,,
MOBILE_CONTACTS,Debajyoti,Saha,null,,saha.debajyoti33@gmail.com,,"11/19/13, 4:27 AM",,,,,,,,
MOBILE_CONTACTS,Ali,sabbagh,null,,leosabbagh@excite.com, +9613933929,"11/19/13, 4:27 AM",,,,,,,,
MOBILE_CONTACTS,K. Y. Michael,Wong,HKUST,,phkywong@ust.hk,,"11/19/13, 4:27 AM",,,,,,,,
MOBILE_CONTACTS,Danny,Wong,null,,wingyamw@yahoo.com.hk,,"11/19/13, 4:27 AM",,,,,,,,
MOBILE_CONTACTS,Niels,Wessel,null,,niels.wessel@physik.hu-berlin.de,,"11/19/13, 4:27 AM",,,,,,,,
MOBILE_CONTACTS,Sunny,Yuk,null,,sunnyyuk2000@gmail.com,,"11/19/13, 4:27 AM",,,,,,,,
MOBILE_CONTACTS,Esther,Yip,null,,yip.esther@hotmail.com,,"11/19/13, 4:27 AM",,,,,,,,
MOBILE_CONTACTS,Jie,Yin,null,,xiaoqingyier@gmail.com,(919) 901-9202,"11/19/13, 4:27 AM",,,,,,,,
MOBILE_CONTACTS,Juan Rafael,Orozco Arroyave,null,,rafael.orozco@udea.edu.co,,"11/19/13, 4:27 AM",,,,,,,,
MOBILE_CONTACTS,Roadside Assist,SAAB,null,,,1800069459,"11/19/13, 4:27 AM",,,,,,,,
MOBILE_CONTACTS,linjun,zhang,null,,zlj11112222@gmail.com,,"11/19/13, 4:27 AM",,,,,,,,
MOBILE_CONTACTS,Luc,Bergé,null,,luc.berge78@gmail.com, +33169264000,"11/19/13, 4:27 AM",,,,,,,,
MOBILE_CONTACTS,秉宏,汪,null,,bhwang@ustc.edu.cn,,"11/19/13, 4:27 AM",,,,,,,,
MOBILE_CONTACTS,Panos,Argyrakis,null,,panos@physics.auth.gr,,"11/19/13, 4:27 AM",,,,,,,,
MOBILE_CONTACTS,Roy,Horan,null,,horan.roy@gmail.com,,"11/19/13, 4:27 AM",,,,,,,,
MOBILE_CONTACTS,Aboul,Ella Hassanien,null,,aboitcairo@gmail.com,,"11/19/13, 4:27 AM",,,,,,,,
MOBILE_CONTACTS,Marc,Lefranc,null,,marc.lefranc@univ-lille1.fr,,"11/19/13, 4:27 AM",,,,,,,,
MOBILE_CONTACTS,Weicai,Zhong,null,,wakenov@gmail.com,,"11/19/13, 4:27 AM",,,,,,,,
MOBILE_CONTACTS,Hang,ZHOU,null,,zhouhanghk@gmail.com, +85266425899,"11/19/13, 4:27 AM",,,,,,,,
MOBILE_CONTACTS,Rachel,Wong,null,,rachelwongmy@gmail.com,,"11/19/13, 4:27 AM",,,,,,,,
MOBILE_CONTACTS,Sivarit,"Sultornsanee, Ph.D.",null,,sultornsanee@riped.utcc.ac.th, +6626926633,"11/19/13, 4:27 AM",,,,,,,,
MOBILE_CONTACTS,Yongxiang,Zhang,null,,zyx9701@126.com,,"11/19/13, 4:27 AM",,,,,,,,
MOBILE_CONTACTS,,,null,,,1-800-my-apple,"11/19/13, 4:27 AM",,,,,,,,
MOBILE_CONTACTS,"Black & White Taxis,",,null,,,131008,"11/19/13, 4:27 AM",,,,,,,,
MOBILE_CONTACTS,,,null,,,28550906,"11/19/13, 4:27 AM",,,,,,,,
MOBILE_CONTACTS,Nrupatunga,.,null,,nrupatunga.tunga@gmail.com,,"11/19/13, 4:27 AM",,,,,,,,
MOBILE_CONTACTS,Julien -,PoolSpa,null,,,0861611231,"11/19/13, 4:27 AM",,,,,,,,
MOBILE_CONTACTS,Huang,Tingwen,Texas A&M University,,tingwen.huang@qatar.tamu.edu,,"11/19/13, 4:27 AM",,,,,,,,
MOBILE_CONTACTS,Diego,Guarín,null,,dlguarin@gmail.com,,"11/19/13, 4:27 AM",,,,,,,,
MOBILE_CONTACTS,Yu,Wang,null,,wangyouyuyu@hotmail.com,(852)65748650,"11/19/13, 4:27 AM",,,,,,,,
MOBILE_CONTACTS,"Swan Taxis, Perth",,null,,,131330,"11/19/13, 4:27 AM",,,,,,,,
MOBILE_CONTACTS,Imran,Khan,null,,mimraan.khaan@gmail.com,,"11/19/13, 4:27 AM",,,,,,,,
MOBILE_CONTACTS,zeraoulia,elhadj,null,,zelhadj12@yahoo.fr,,"11/19/13, 4:27 AM",,,,,,,,
MOBILE_CONTACTS,Lester and Maggie,,null,,,"94313449, 93108601","11/19/13, 4:27 AM",,,,,,,,
MOBILE_CONTACTS,(Matthew),office,null,,,25177881,"11/19/13, 4:27 AM",,,,,,,,
MOBILE_CONTACTS,Mum & Dad,,null,,, +61899272674,"11/19/13, 4:27 AM",,,,,,,,
MOBILE_CONTACTS,Ping,Li,null,,dping.li@gmail.com,,"11/19/13, 4:27 AM",,,,,,,,
MOBILE_CONTACTS,Gil,Hardwick,null,,gilhardwick@graduate.uwa.edu.au, +61.488983769,"11/19/13, 4:27 AM",,,,,,,,
MOBILE_CONTACTS,Chris,Skelly,null,,wchris.skelly@gmail.com, +64 4 5226 5677,"11/19/13, 4:27 AM",,,,,,,,
MOBILE_CONTACTS,Michael Mihai,Mihnea,null,,mihnea@engineer.com, +61438550219,"11/19/13, 4:27 AM",,,,,,,,
MOBILE_CONTACTS,Lester and Maggie,(Per,null,,,"94313449, 93108601","11/19/13, 4:27 AM",,,,,,,,
MOBILE_CONTACTS,Bernard,Fong,null,,bfong@ieee.org,,"11/19/13, 4:27 AM",,,,,,,,
MOBILE_CONTACTS,Zhyky,Zhao,null,,zhyky@msn.com,,"11/19/13, 4:27 AM",,,,,,,,
MOBILE_CONTACTS,Kevin Weiran,Wang,null,,kevinwangwr@hotmail.com,,"11/19/13, 4:27 AM",,,,,,,,
MOBILE_CONTACTS,Sajid,Iqbal,null,,msi932@yahoo.com,,"11/19/13, 4:27 AM",,,,,,,,
MOBILE_CONTACTS,Shrawan,Jha,null,,skylec@gmail.com,,"11/19/13, 4:27 AM",,,,,,,,
MOBILE_CONTACTS,Yang,Kang,Columbia University,,yk2606@columbia.edu,,"11/19/13, 4:27 AM",,,,,,,,
MOBILE_CONTACTS,Jim Whelan,,null,,,"64881749, 64881749","11/19/13, 4:27 AM",,,,,,,,
MOBILE_CONTACTS,&,"Taxis,",null,,,131008,"11/19/13, 4:27 AM",,,,,,,,
MOBILE_CONTACTS,Wayne,Sun,null,,princesyn@gmail.com, +85265780241,"11/19/13, 4:27 AM",,,,,,,,
MOBILE_CONTACTS,Lilly (Starters Scho,,null,,,25278676,"11/19/13, 4:27 AM",,,,,,,,
MOBILE_CONTACTS,Waldorf,513,null,,,92166513,"11/19/13, 4:27 AM",,,,,,,,
MOBILE_CONTACTS,Christine,(Lawyer),null,,,"90997721, 25226330","11/19/13, 4:27 AM",,,,,,,,
MOBILE_CONTACTS,Shiwei,Zhou,null,,ntzhoushiwei@gmail.com,608 512 9441,"11/19/13, 4:27 AM",,,,,,,,
MOBILE_CONTACTS,Carine,(Ricacorp),null,,, +85260234118,"11/19/13, 4:27 AM",,,,,,,,
MOBILE_CONTACTS,Barbara,Centrline,null,,,64626653,"11/19/13, 4:27 AM",,,,,,,,
MOBILE_CONTACTS,Candy,(Centaline),null,,,90418344,"11/19/13, 4:27 AM",,,,,,,,
MOBILE_CONTACTS,Jolly,Bus,null,,,96484711,"11/19/13, 4:27 AM",,,,,,,,
MOBILE_CONTACTS,Brian,ZHENG,null,,briankiddzd@gmail.com,,"11/19/13, 4:27 AM",,,,,,,,
MOBILE_CONTACTS,Francis,Lau,null,,, +85296571539,"11/19/13, 4:27 AM",,,,,,,,
MOBILE_CONTACTS,Swan,Perth,null,,,131330,"11/19/13, 4:27 AM",,,,,,,,
MOBILE_CONTACTS,Unname,,null,,,28550906,"11/19/13, 4:27 AM",,,,,,,,
MOBILE_CONTACTS,Kyle,Zhang,null,,kylexzhang@gmail.com,,"11/19/13, 4:27 AM",,,,,,,,
MOBILE_CONTACTS,zhuo,hui,null,,huizhuo1987@gmail.com,412-953-9589,"11/19/13, 4:27 AM",,,,,,,,
MOBILE_CONTACTS,Peter,Cooper,null,,peter.cooper@obverse.com.au,,"11/19/13, 4:27 AM",,,,,,,,
MOBILE_CONTACTS,HK Ticketing,,null,,,31288288,"11/19/13, 4:27 AM",,,,,,,,
MOBILE_CONTACTS,Goldwin,management,null,,,25177881,"11/19/13, 4:27 AM",,,,,,,,
MOBILE_CONTACTS,Thomas,Stemler,null,,,0411541724,"11/19/13, 4:27 AM",,,,,,,,
MOBILE_CONTACTS,and,(Perth),null,,,"94313449, 93108601","11/19/13, 4:27 AM",,,,,,,,
MOBILE_CONTACTS,Kui-Tian,Xi,null,,kuitianxi@gmail.com,13915955126,"11/19/13, 4:27 AM",,,,,,,,
MOBILE_CONTACTS,Martin,,null,,,90381972,"11/19/13, 4:27 AM",,,,,,,,
MOBILE_CONTACTS,RuiQi,Li,null,,rickylee163@hotmail.com,,"11/19/13, 4:27 AM",,,,,,,,
MOBILE_CONTACTS,Dad,,null,,,0409887850,"11/19/13, 4:27 AM",,,,,,,,
MOBILE_CONTACTS,Robert,Cooke,null,,robert.cooke.70@gmail.com,,"11/19/13, 4:27 AM",,,,,,,,
MOBILE_CONTACTS,Lu,Jinlong,null,,kerin.lu316@gmail.com, +6597157120,"11/19/13, 4:27 AM",,,,,,,,
MOBILE_CONTACTS,jalu,,null,,jalu@whu.edu.cn,,"11/19/13, 4:27 AM",,,,,,,,
MOBILE_CONTACTS,Xiaoqun,Wu,null,,xqwu@whu.edu.cn,,"11/19/13, 4:27 AM",,,,,,,,
MOBILE_CONTACTS,124YES,,null,,,124937,"11/19/13, 4:27 AM",,,,,,,,
MOBILE_CONTACTS,Patrick,Cheung,null,,patrick_cheung23@hotmail.com,,"11/19/13, 4:27 AM",,,,,,,,
MOBILE_CONTACTS,Patrick,Celka,null,,p.celka@gmail.com,,"11/19/13, 4:27 AM",,,,,,,,
MOBILE_CONTACTS,wei,bian,null,,brian.weibian@gmail.com,,"11/19/13, 4:27 AM",,,,,,,,
MOBILE_CONTACTS,Changgui,Gu,null,,guchanggui2001@yahoo.com.cn,,"11/19/13, 4:27 AM",,,,,,,,
MOBILE_CONTACTS,Changpin,Li,null,,lcp@shu.edu.cn,,"11/19/13, 4:27 AM",,,,,,,,
MOBILE_CONTACTS,Pete,Gable,null,,pete.gable@gmail.com,,"11/19/13, 4:27 AM",,,,,,,,
MOBILE_CONTACTS,Kay,Pang,null,,kaychpang@gmail.com,,"11/19/13, 4:27 AM",,,,,,,,
MOBILE_CONTACTS,Zhongke,Gao,null,,zhongkegao@tju.edu.cn,,"11/19/13, 4:27 AM",,,,,,,,
MOBILE_CONTACTS,VoiceMail,,null,,, +61411000321,"11/19/13, 4:27 AM",,,,,,,,
MOBILE_CONTACTS,Dodo,,null,,,132473,"11/19/13, 4:27 AM",,,,,,,,
MOBILE_CONTACTS,Ingo,Fischer,null,,NonlinearPhotonics@googlemail.com,,"11/19/13, 4:27 AM",,,,,,,,
MOBILE_CONTACTS,Yining,Sun,null,,wayne.sun0118@gmail.com,,"11/19/13, 4:27 AM",,,,,,,,
MOBILE_CONTACTS,Xinghuo,Yu,RMIT,,x.yu@rmit.edu.au,,"11/19/13, 4:27 AM",,,,,,,,
MOBILE_CONTACTS,Plamen Ch.,Ivanov,Boston University,,plamen@buphy.bu.edu,617-353-4733,"11/19/13, 4:27 AM",,,,,,,,
MOBILE_CONTACTS,Lidan,Hu,null,,hulidan2006@qq.com,,"11/19/13, 4:27 AM",,,,,,,,
MOBILE_CONTACTS,Harry,Jackson,null,,de_falla@yahoo.co.uk,,"11/19/13, 4:27 AM",,,,,,,,
MOBILE_CONTACTS, -InfoService,,null,,, +852171300,"11/19/13, 4:27 AM",,,,,,,,
MOBILE_CONTACTS,Sharon,Lau,null,,wing76shan@hotmail.com,,"11/19/13, 4:27 AM",,,,,,,,
MOBILE_CONTACTS,Jeff,Dixon,null,,dixon79@gmail.com,,"11/19/13, 4:27 AM",,,,,,,,
MOBILE_CONTACTS,Reik,Donner,null,,Reik.Donner@gmx.de,,"11/19/13, 4:27 AM",,,,,,,,
MOBILE_CONTACTS,Prathamaa,Deepak,null,,prathamaad@gmail.com,,"11/19/13, 4:27 AM",,,,,,,,
MOBILE_CONTACTS,Mario,di Bernardo,null,,mario.dibernardo@unina.it,,"11/19/13, 4:27 AM",,,,,,,,
MOBILE_CONTACTS,Peter,Csermely,null,,csermelypeter@hotmail.com,,"11/19/13, 4:27 AM",,,,,,,,
MOBILE_CONTACTS,Marius,,null,,, +27836348254,"11/19/13, 4:27 AM",,,,,,,,
MOBILE_CONTACTS,Stephen,,null,,,"0428935019, 0427773081, 93050214, +61893050214, +61427773081","11/19/13, 4:27 AM",,,,,,,,
MOBILE_CONTACTS,and,(Per,null,,,"93108601, 94313449","11/19/13, 4:27 AM",,,,,,,,
MOBILE_CONTACTS,Home,,null,,,25171093,"11/19/13, 4:27 AM",,,,,,,,
MOBILE_CONTACTS,Unname,,null,,,1-800-my-apple,"11/19/13, 4:27 AM",,,,,,,,
MOBILE_CONTACTS,Jim,,null,,,"0412331228, +61892872993","11/19/13, 4:27 AM",,,,,,,,
MOBILE_CONTACTS,Juan Diego,Sánchez-Torres,null,,jdsanch1@gmail.com,3334639583,"11/19/13, 4:27 AM",,,,,,,,
MOBILE_CONTACTS,xcfu,Fu,null,,xcfu@shu.edu.cn,,"11/19/13, 4:27 AM",,,,,,,,
MOBILE_CONTACTS,Allen,Min Rui,null,,allen.min@chunwo.com,6237 2469,"11/19/13, 4:27 AM",,,,,,,,
MOBILE_CONTACTS,Rodrigo,Mello,USP,,mello@icmc.usp.br,,"11/19/13, 4:27 AM",,,,,,,,
MOBILE_CONTACTS,Kewei,Wang,null,,llwsin@gmail.com,,"11/19/13, 4:27 AM",,,,,,,,
MOBILE_CONTACTS,Kayalvizhi,Vimalendiran,null,,kayal2@rediffmail.com,,"11/19/13, 4:27 AM",,,,,,,,
MOBILE_CONTACTS,dushyant,tanna,null,,dtanna.vmgbr@gmail.com,,"11/19/13, 4:27 AM",,,,,,,,
MOBILE_CONTACTS,Xiao,Liu,null,,liu.xiao1988@gmail.com," +16073794498, 607 379 4498","11/19/13, 4:27 AM",,,,,,,,
MOBILE_CONTACTS,Bryan,Scott,null,,btscott89@yahoo.com.au,,"11/19/13, 4:27 AM",,,,,,,,
MOBILE_CONTACTS,Cristian,Carmeli,null,,cristian.carmeli@gmail.com,,"11/19/13, 4:27 AM",,,,,,,,
MOBILE_CONTACTS,prabhat,shankar,null,,prabhat4686@gmail.com,,"11/19/13, 4:27 AM",,,,,,,,
MOBILE_CONTACTS,asha,sharma,null,,asha.anjana@gmail.com,,"11/19/13, 4:27 AM",,,,,,,,
MOBILE_CONTACTS,Jun,Wang,null,,jwang@mae.cuhk.edu.hk,,"11/19/13, 4:27 AM",,,,,,,,
MOBILE_CONTACTS,Jian-Bo,Wang,null,,jbwang202@163.com,,"11/19/13, 4:27 AM",,,,,,,,
MOBILE_CONTACTS,Costas,Vorlow,null,,costas.vorlow@gmail.com, +306937755605,"11/19/13, 4:27 AM",,,,,,,,
MOBILE_CONTACTS,Ricky,SAAB,null,,,29530027,"11/19/13, 4:27 AM",,,,,,,,
MOBILE_CONTACTS,Freeman,Kwok,null,,freemanxbear@gmail.com,,"11/19/13, 4:27 AM",,,,,,,,
MOBILE_CONTACTS,Justin,Lau,null,,justineie@hotmail.com,,"11/19/13, 4:27 AM",,,,,,,,
MOBILE_CONTACTS,Willy,Kwong,null,,willy.kwong@gmail.com,,"11/19/13, 4:27 AM",,,,,,,,
MOBILE_CONTACTS,Tania,Kuba,null,,kubamacd@arach.net.au,,"11/19/13, 4:27 AM",,,,,,,,
MOBILE_CONTACTS,Juergen,Kurths,null,,juergen.kurths@pik-potsdam.de,,"11/19/13, 4:27 AM",,,,,,,,
MOBILE_CONTACTS,Dimitris,Kugiumtzis,null,,dkugiu@gen.auth.gr,,"11/19/13, 4:27 AM",,,,,,,,
MOBILE_CONTACTS,Theodoros,Karakasidis,null,,thkarak@uth.gr,,"11/19/13, 4:27 AM",,,,,,,,
MOBILE_CONTACTS,Wlodzimierz,Klonowski,null,,"wklonowski@gmail.com, wklon@ibib.waw.pl",,"11/19/13, 4:27 AM",,,,,,,,
MOBILE_CONTACTS,Reza,Masoumi,null,,rmassoumi_2000@yahoo.com,,"11/19/13, 4:27 AM",,,,,,,,
MOBILE_CONTACTS,nariman,mahdavi,null,,nariman.mahdavi@gmail.com,,"11/19/13, 4:27 AM",,,,,,,,
MOBILE_CONTACTS,X.F.,LIU,null,,xfliu@seu.edu.cn,,"11/19/13, 4:27 AM",,,,,,,,
MOBILE_CONTACTS,Zhaohan,LI,null,,07834212d@polyu.edu.hk,,"11/19/13, 4:27 AM",,,,,,,,
MOBILE_CONTACTS,kishor,kumar,null,,keekank@gmail.com,,"11/19/13, 4:27 AM",,,,,,,,
MOBILE_CONTACTS,Annie,Leung,null,,kau.annie@hotmail.com,,"11/19/13, 4:27 AM",,,,,,,,
MOBILE_CONTACTS,Christophe,Letellier,null,,christophe.letellier@coria.fr,,"11/19/13, 4:27 AM",,,,,,,,
MOBILE_CONTACTS,Yanyan,Li,null,,yan.li.michelle@gmail.com, +852 5628 6173,"11/19/13, 4:27 AM",,,,,,,,
MOBILE_CONTACTS,Wei,LI,null,,liweinust@hotmail.com,,"11/19/13, 4:27 AM",,,,,,,,
MOBILE_CONTACTS,,,null,,jjjzzz0@163.com,,"8/13/13, 3:30 AM",,,,,,,,
MOBILE_CONTACTS,Vivian,Cheung,null,,viviancheunghw@hotmail.com,,"8/13/13, 3:30 AM",,,,,,,,
MOBILE_CONTACTS,Ghada,Ali,null,,ghada.ali@hindawi.com,,"8/13/13, 3:30 AM",,,,,,,,
MOBILE_CONTACTS,科赞,李,null,,lkzzr@guet.edu.cn,,"8/13/13, 3:30 AM",,,,,,,,
MOBILE_CONTACTS,Simon,Lau,null,,simonlau0715@gmail.com,,"8/13/13, 3:30 AM",,,,,,,,
MOBILE_CONTACTS,Florence,Boa,null,,florenceboa1210@hotmail.com,,"8/13/13, 3:30 AM",,,,,,,,
MOBILE_CONTACTS,Hongdong,QIN,null,,"hongdongdonald@gmail.com, qinhd@hku.hk",,"8/13/13, 3:30 AM",,,,,,,,
MOBILE_CONTACTS,Phe,F,null,,pheonaf@hotmail.com,,"8/13/13, 3:30 AM",,,,,,,,
MOBILE_CONTACTS,Roy,King,null,,kingroyboy@hotmail.com,,"8/13/13, 3:30 AM",,,,,,,,
MOBILE_CONTACTS,Michael,Siek,null,,sminghwang@yahoo.com,,"8/13/13, 3:30 AM",,,,,,,,
MOBILE_CONTACTS,Yong,Zou,null,,yzou@phy.ecnu.edu.cn,,"8/13/13, 3:30 AM",,,,,,,,
MOBILE_CONTACTS,Haruna,Matsushita,null,,haruna86@gmail.com,,"8/13/13, 3:30 AM",,,,,,,,
MOBILE_CONTACTS,Andbach,An,null,,andbach1984@hotmail.com,,"8/13/13, 3:30 AM",,,,,,,,
MOBILE_CONTACTS,Anson,Anson,null,,akcmak@gmail.com,,"8/13/13, 3:30 AM",,,,,,,,
MOBILE_CONTACTS,Aung,Ko,null,,aungkyaw.biz@facebook.com,,"8/13/13, 3:30 AM",,,,,,,,
MOBILE_CONTACTS,James,Small,null,,jamessmall065@gmail.com,,"8/13/13, 3:30 AM",,,,,,,,
MOBILE_CONTACTS,May,Truong,null,,austms@anu.edu.au,,"8/13/13, 3:30 AM",,,,,,,,
MOBILE_CONTACTS,Liu,Xiaofan,null,,xfliu@facebook.com,,"8/13/13, 3:30 AM",,,,,,,,
MOBILE_CONTACTS,Joseph,Changfeng,null,,07858406d@polyu.edu.hk,,"8/13/13, 3:30 AM",,,,,,,,
MOBILE_CONTACTS,,,null,,mazhongjun@guet.edu.cn,,"8/13/13, 3:30 AM",,,,,,,,
MOBILE_CONTACTS,TotalChoice,Office,null,,office@totalchoicehomeloans.com.au,,"8/13/13, 3:30 AM",,,,,,,,
MOBILE_CONTACTS,Tony,Sultornsanee,null,,sultornsanee@hotmail.com,,"8/13/13, 3:30 AM",,,,,,,,
MOBILE_CONTACTS,Jeeva,Theesar,null,,sjstheesar@gmail.com,,"8/13/13, 3:30 AM",,,,,,,,
MOBILE_CONTACTS,Chenzi,Zhang,null,,china.zhangchenzi@gmail.com,,"8/13/13, 3:30 AM",,,,,,,,
MOBILE_CONTACTS,Li,Zhen,null,,sunnydannie@hotmail.com,,"8/13/13, 3:30 AM",,,,,,,,
MOBILE_CONTACTS,Albus,Dumbledore,null,,albus@nefilim.com,"65137376, 689322","8/13/13, 3:30 AM",,,,,,,,
MOBILE_CONTACTS,Takayuki,Kimura,null,,takayuki.kimura@me.com,,"8/13/13, 3:30 AM",,,,,,,,
MOBILE_CONTACTS,HonG,SzE,null,,babysisid@gmail.com,,"8/13/13, 3:30 AM",,,,,,,,
MOBILE_CONTACTS,Therese,Ellis,null,,therese.ellis@bigpond.com,,"8/13/13, 3:30 AM",,,,,,,,
MOBILE_CONTACTS,Ning,Cui,null,,colint562@hotmail.com,,"8/13/13, 3:30 AM",,,,,,,,
MOBILE_CONTACTS,John,NG,null,,john8094@hotmail.com,,"8/13/13, 3:30 AM",,,,,,,,
MOBILE_CONTACTS,Anne,Geiger De Feo,null,,anne@annegeiger.com, +41786109767,"8/13/13, 3:30 AM",,,,,,,,
MOBILE_CONTACTS,Nicholas,O'Toole,null,,otoolen@gmail.com,,"8/13/13, 3:30 AM",,,,,,,,
MOBILE_CONTACTS,Karen,Rekowski,null,,karen@karenrekowski.com.au,,"8/13/13, 3:30 AM",,,,,,,,
MOBILE_CONTACTS,Michael,[EIE],null,,Michael.Tse@inet.polyu.edu.hk,,"8/13/13, 3:30 AM",,,,,,,,
MOBILE_CONTACTS,,,null,,thomas.stemler@uwa.edu.au,,"8/13/13, 3:30 AM",,,,,,,,
MOBILE_CONTACTS,Timothy,Lau,null,,timothyhk@gmail.com,,"8/13/13, 3:30 AM",,,,,,,,
MOBILE_CONTACTS,Siuki,XD,null,,siukiki@gmail.com,,"8/13/13, 3:30 AM",,,,,,,,
MOBILE_CONTACTS,Eduardo Martini,Rodrigues da Silva,null,,emartini1984@gmail.com,,"8/13/13, 3:30 AM",,,,,,,,
MOBILE_CONTACTS,Dilusha,Silva,null,,"dilusha.silva@uwa.edu.au, dilusha73@gmail.com",,"8/13/13, 3:30 AM",,,,,,,,
MOBILE_CONTACTS,William,Cheung,null,,timetraveller75@hotmail.com,,"8/13/13, 3:30 AM",,,,,,,,
MOBILE_CONTACTS,Charles,Li,null,,li91860825@hotmail.com,,"8/13/13, 3:30 AM",,,,,,,,
MOBILE_CONTACTS,Xiang,Kang,null,,basi4869@gmail.com,,"8/13/13, 3:30 AM",,,,,,,,
MOBILE_CONTACTS,Eric,Luo,null,,stluolin@gmail.com,,"8/13/13, 3:30 AM",,,,,,,,
MOBILE_CONTACTS,Joe,White,null,,joejin@iinet.net.au,,"8/13/13, 3:30 AM",,,,,,,,
MOBILE_CONTACTS,Javier,Perez-Barberia,null,,Javier.Perez-Barberia@hutton.ac.uk,,"8/13/13, 3:30 AM",,,,,,,,
MOBILE_CONTACTS,Shixin,Luo,null,,luotigerlsx@hotmail.com,,"8/13/13, 3:30 AM",,,,,,,,
MOBILE_CONTACTS,Jiajing,Wu,null,,"victoria-2008@live.cn, jjingwu666@gmail.com",,"8/13/13, 3:30 AM",,,,,,,,
MOBILE_CONTACTS,Robert,McLaughlin,null,,robert.mcl@facebook.com,,"8/13/13, 3:30 AM",,,,,,,,
MOBILE_CONTACTS,,,null,,jamman600@gmail.com,,"8/13/13, 3:30 AM",,,,,,,,
MOBILE_CONTACTS,Xi,Lin,null,,xilin1@seas.upenn.edu, +12158210929,"8/13/13, 3:30 AM",,,,,,,,
MOBILE_CONTACTS,Wil,Williams,null,,wil@idelve.com,,"8/13/13, 3:30 AM",,,,,,,,
MOBILE_CONTACTS,Andres,Camacho,null,,chano_q@hotmail.com,,"8/13/13, 3:30 AM",,,,,,,,
MOBILE_CONTACTS,,,null,,nickvulture@gmail.com,,"8/13/13, 3:30 AM",,,,,,,,
MOBILE_CONTACTS,Henry,An,null,,anzhiac001@sina.com,,"8/13/13, 3:30 AM",,,,,,,,
MOBILE_CONTACTS,海峰,张,null,,haifeng3@mail.ustc.edu.cn,,"8/13/13, 3:30 AM",,,,,,,,
MOBILE_CONTACTS,Steve,Pendred,null,,spendred@live.com.au, +61458039413,"8/13/13, 3:30 AM",,,,,,,,
MOBILE_CONTACTS,Ben,Cheng,University of Calgary,,ctcheng@ucalgary.ca,,"8/13/13, 3:30 AM",,,,,,,,
MOBILE_CONTACTS,Siong,Heng,null,,iwilleatyoursoul@hotmail.com,,"8/13/13, 3:30 AM",,,,,,,,
MOBILE_CONTACTS,Elizabeth,Hanshilu,null,,hslelizabeth@gmail.com,,"8/13/13, 3:30 AM",,,,,,,,
GOOGLE_CONTACTS,HK,Ticketing,null,,,31288288,"6/21/11, 12:46 AM",,,,,,,,
GOOGLE_CONTACTS,,,null,,,28550906,"6/21/11, 12:46 AM",,,,,,,,
GOOGLE_CONTACTS,Stephen,(Quinns),null,,,"0428935019, +61427773081, +61893050214","1/3/11, 6:04 PM",,,,,,,,
GOOGLE_CONTACTS,Catherine,[EIE],null,Clerical Officer II,,6211,"1/3/11, 6:04 PM",G.O. Type:work Primary:No,,,,,,,
GOOGLE_CONTACTS,Lilly,School),null,,,25278676,"1/3/11, 6:04 PM",,,,,,,,
GOOGLE_CONTACTS,,Martin,null,,,90381972,"1/3/11, 6:04 PM",,,,,,,,
GOOGLE_CONTACTS,Black,Perth,null,,,131008,"1/3/11, 6:04 PM",,,,,,,,
GOOGLE_CONTACTS,Jim,(Perth),null,,," +61892872993, 0412331228","1/3/11, 6:04 PM",,,,,,,,
GOOGLE_CONTACTS,Yuk,[EIE],null,Assistant Professor,,"6254, 23628439","1/3/11, 6:04 PM",State:Academic Staff Type:work Primary:No,,,,,,,
GOOGLE_CONTACTS,Sylvia,Kong),null,,," +85225171093, +85262918519, +85227934746","1/3/11, 6:04 PM",,,,,,,,
GOOGLE_CONTACTS,Michael,Tse,null,,,92701816,"1/3/11, 6:04 PM",,,,,,,,
GOOGLE_CONTACTS,Dad,(Mobile),null,,,0409887850,"1/3/11, 6:04 PM",,,,,,,,
GOOGLE_CONTACTS,Jim,Whelan,null,,,64881749,"1/3/11, 6:04 PM",,,,,,,,
GOOGLE_CONTACTS,Mum,(Dongara),null,,, +61899272674,"1/3/11, 6:04 PM",,,,,,,,
GOOGLE_CONTACTS,Marius,Africa),null,,, +27836348254,"1/3/11, 6:04 PM",,,,,,,,
GOOGLE_CONTACTS,(Matthew),office,null,,,25177881,"1/3/11, 6:04 PM",,,,,,,,
GOOGLE_CONTACTS,Lester,(Perth),null,,,"93108601, 94313449","1/3/11, 6:04 PM",,,,,,,,
GOOGLE_CONTACTS,,,Apple Computer Inc.,,,1-800-my-apple,"1/3/11, 6:04 PM",1 Infinite Loop City:Cupertino State:CA Country:us Postal Code:95014 Type:work Primary:No,,,,,,,
GOOGLE_CONTACTS,Lester,(Per,null,,,"93108601, 94313449","1/3/11, 6:04 PM",,,,,,,,
GOOGLE_CONTACTS,,Home,null,,,25171093,"1/3/11, 6:04 PM",,,,,,,,
GOOGLE_CONTACTS,, -InfoService,null,,, +852171300,"1/3/11, 6:04 PM",,,,,,,,
GOOGLE_CONTACTS,,Michael,null,,,"25171093, 91552906, 27664744","1/3/11, 6:04 PM",,,,,,,,
GOOGLE_CONTACTS,Swan,Perth,null,,,131330,"1/3/11, 6:04 PM",,,,,,,,
