From,To,Sent At,Message,Direction
Michael Small,Ron Edwards,"8/31/20, 12:40 AM",,OUTGOING
Michael Small,Amit Chakma,"7/24/20, 7:27 PM",,OUTGOING
Michael Small,Zachary Aman,"6/17/20, 5:31 AM",,OUTGOING
Ali Sadollah,michael.small@csiro.au,"6/16/20, 6:45 AM",,INCOMING
André Mafei,Michael Small,"12/3/20, 1:30 AM",Thank you for your presentation today.,INCOMING
Glenn Wilson,Michael Small,"11/24/20, 3:47 AM",,INCOMING
Manolis Veveakis,Michael Small,"11/20/20, 11:13 AM",,INCOMING
Renee Ralph,Michael Small,"11/3/20, 7:36 PM",,INCOMING
David Moorecroft,Michael Small,"10/28/20, 8:43 PM",,INCOMING
MD. SHOHUG HOSSAIN,Michael Small,"10/28/20, 7:31 PM",,INCOMING
Armfield Ltd,Michael Small,"10/27/20, 9:28 AM",,INCOMING
Alisha  Gupton  ,Michael Small,"10/24/20, 6:39 AM",,INCOMING
Michael Stewart,Michael Small,"10/21/20, 1:26 AM",,INCOMING
Audrey J. P,Michael Small,"10/19/20, 1:45 AM",,INCOMING
Ziyu Zhao,Michael Small,"10/10/20, 9:43 AM",,INCOMING
Kwok Tung Lo,Michael Small,"10/8/20, 7:33 AM",,INCOMING
Manu Sam,Michael Small,"10/6/20, 7:42 AM",,INCOMING
Adam Sadilek,Michael Small,"9/30/20, 10:13 AM",,INCOMING
Renaud Seigneuric,Michael Small,"9/22/20, 2:08 PM",,INCOMING
"Usman Mustafa Syed, CMM, CRL",Michael Small,"9/22/20, 7:01 AM",,INCOMING
Javad Khoshnavaz,Michael Small,"9/17/20, 1:25 PM",,INCOMING
Neosh Sheikh,Michael Small,"9/16/20, 4:51 AM",,INCOMING
Konstantinos Kaloudis,Michael Small,"9/12/20, 2:40 AM",,INCOMING
Puspa Publishing House,Michael Small,"9/10/20, 6:15 AM",,INCOMING
Webster Gova,Michael Small,"9/9/20, 12:55 AM",,INCOMING
Mika Sillanpaa,Michael Small,"9/6/20, 8:44 PM",,INCOMING
Ichika E,Michael Small,"9/6/20, 12:16 PM",,INCOMING
Hai Dong,Michael Small,"9/5/20, 8:21 PM",,INCOMING
Major General John Hartley AO (Retd),Michael Small,"9/4/20, 11:46 PM",,INCOMING
Suba Soundarya Santhi Anandhan,Michael Small,"9/3/20, 8:54 PM",,INCOMING
Top Pure Health TPH,Michael Small,"9/2/20, 9:02 PM",,INCOMING
Shivani Mishra,Michael Small,"8/28/20, 8:37 AM",,INCOMING
George Magalhaes,Michael Small,"8/26/20, 1:31 PM",,INCOMING
Elinor Randell,Michael Small,"8/23/20, 5:58 AM",,INCOMING
Dr. Anupam Das,Michael Small,"8/21/20, 10:17 AM",,INCOMING
忠金 国,Michael Small,"8/18/20, 5:14 PM",,INCOMING
Jean-François Semblat,Michael Small,"8/17/20, 3:04 AM",,INCOMING
Arnaldo Pereira Neto,Michael Small,"8/16/20, 6:38 AM",,INCOMING
Anthony Bosco,Michael Small,"8/16/20, 6:23 AM",,INCOMING
Thiago Ribeiro,Michael Small,"8/16/20, 5:56 AM",,INCOMING
Pradeep Sundriyal,Michael Small,"8/14/20, 4:56 AM",,INCOMING
Johan Suykens,Michael Small,"8/13/20, 3:40 AM",,INCOMING
Müştak E. Yalçın,Michael Small,"8/11/20, 9:24 AM",,INCOMING
Kevin Smith,Michael Small,"8/10/20, 10:40 PM",,INCOMING
Reena Strehle,Michael Small,"8/9/20, 6:00 PM","Hello Michael,    I came  across your name in my feed the other day, and your profile piqued my interest.   If it’s not too much of a hassle I would love to connect here and follow your work.   Have a great day!   Reena 0412 994 459",INCOMING
Michael Tobar,Michael Small,"8/4/20, 9:16 PM",,INCOMING
Beenish Ehsan,Michael Small,"7/31/20, 9:34 AM",,INCOMING
University Physics Society,Michael Small,"7/30/20, 9:37 AM",,INCOMING
Gemma Wade,Michael Small,"7/28/20, 10:35 PM",,INCOMING
Fiona Allan,Michael Small,"7/27/20, 10:31 PM",,INCOMING
Pavel Golodoniuc,Michael Small,"7/23/20, 7:15 AM",,INCOMING
Claire Nelson,Michael Small,"7/22/20, 9:37 PM",,INCOMING
Rolee Kumar,Michael Small,"7/22/20, 6:45 PM",,INCOMING
Orlando Porras,Michael Small,"7/22/20, 3:10 AM",,INCOMING
Kate Derry,Michael Small,"7/21/20, 7:08 AM",,INCOMING
"Charanpreet Singh, BEng MEng",Michael Small,"7/20/20, 8:49 PM",,INCOMING
Col Crawford,Michael Small,"7/20/20, 7:13 PM",,INCOMING
Fahad Izhar,Michael Small,"7/19/20, 12:57 AM",,INCOMING
Cameron Ferstat,Michael Small,"7/16/20, 7:30 PM",,INCOMING
Saeideh babaee,Michael Small,"7/16/20, 2:41 PM",,INCOMING
"Jonás García-Rincón, Ph.D.",Michael Small,"7/16/20, 4:39 AM",,INCOMING
Greg Johnson,Michael Small,"7/15/20, 11:48 PM",,INCOMING
Felipe Taliar Giuntini,Michael Small,"7/15/20, 7:39 PM",,INCOMING
Wenhua Zhao,Michael Small,"7/15/20, 6:16 PM",,INCOMING
Mark Lindsay,Michael Small,"7/15/20, 12:03 AM",,INCOMING
Harry Nicholas,Michael Small,"7/13/20, 5:44 AM",,INCOMING
Kelsey Way,Michael Small,"7/12/20, 3:31 AM",,INCOMING
Quentin Hanley,Michael Small,"7/12/20, 12:53 AM",,INCOMING
Daniel Firth,Michael Small,"7/11/20, 11:42 PM",,INCOMING
Dr. Tanziha Mahjabin,Michael Small,"7/10/20, 11:15 AM",,INCOMING
Prince David Rajendran,Michael Small,"7/10/20, 2:03 AM",,INCOMING
Andrew Page,Michael Small,"7/9/20, 6:11 PM",,INCOMING
Mehmet Önder Efe,Michael Small,"7/9/20, 2:03 AM",,INCOMING
Dayrak A.,Michael Small,"7/8/20, 5:11 PM",,INCOMING
Fay Rola-Rubzen,Michael Small,"7/8/20, 8:54 AM",,INCOMING
Ellie Gholami,Michael Small,"7/7/20, 9:04 PM",,INCOMING
SUBHASH CHANDRA,Michael Small,"7/2/20, 4:36 AM",,INCOMING
Camilo Alberto Reyes Martínez,Michael Small,"6/30/20, 4:39 PM",Angus recomended me to contact you...,INCOMING
Ranjeet Srivastva,Michael Small,"6/30/20, 11:25 AM",,INCOMING
Anahita Haiat,Michael Small,"6/29/20, 3:42 AM",,INCOMING
David Parkinson,Michael Small,"6/28/20, 4:35 AM",,INCOMING
Ajmal Mian,Michael Small,"6/25/20, 9:02 PM",,INCOMING
Marc Tennant,Michael Small,"6/25/20, 5:05 PM",,INCOMING
Thomas Stemler,Michael Small,"6/25/20, 3:36 AM",,INCOMING
Boumediene Hamzi,Michael Small,"6/24/20, 9:51 PM",,INCOMING
Brad Parsons,Michael Small,"6/24/20, 9:32 PM",,INCOMING
Tatiane Nogueira Rios,Michael Small,"6/24/20, 7:05 AM",,INCOMING
Berwin A Turlach,Michael Small,"6/23/20, 10:21 PM",,INCOMING
Rachel Cardell-Oliver,Michael Small,"6/23/20, 12:42 AM",,INCOMING
Dr Parwinder Kaur,Michael Small,"6/23/20, 12:26 AM",,INCOMING
Muhammad Fazal Ijaz,Michael Small,"6/19/20, 12:24 PM",,INCOMING
Britta Bienen,Michael Small,"6/17/20, 5:12 AM",,INCOMING
Sankalp Khanna,Michael Small,"6/10/20, 7:06 AM",,INCOMING
Hamed Habibi,Michael Small,"6/10/20, 2:13 AM",,INCOMING
