Content Title,Content Description,Content Type,Content Last Watched Date (if viewed),Content Completed At (if completed),Content Saved,Notes taken on videos (if taken),
Presentation Tips for Pitching to Investors,"Landing a meeting with investors is a big opportunity—and a key test of your business. Investors ask tough questions. The answers can define your future. This course is all about preparing and delivering a rock-solid pitch that makes people want to invest in your company. Learn how to define the unique benefits of your product, describe your business model, and tell the story of your “why.” Instructor Jessica Chen—a public speaking and media relations consultant—then introduces tips for the actual presentation, including responding to your audience, answering questions, and being authentic. She leaves you with a final pitch checklist that will ensure you have all the elements of your pitch nailed down before the big day.",Course,2020-10-26 10:47 UTC,N/A,false,N/A,
Excel: Tips and Tricks,"Want to take your Excel game to the next level? In this course, veteran Excel trainer and instructor Dennis Taylor shares powerful tips, tricks, and shortcuts that can help you leverage more of what Excel has to offer. Learn time-saving tricks for creating formulas rapidly, accelerating data entry, and navigating within worksheets efficiently. Plus, discover drag and drop techniques, formatting shortcuts, charting and PivotTable tips, and much more.</br></br>

Note: This course was recorded on Excel for Office 365; however, most of the contents will benefit anyone using Office 2019 or 2016.",Course,2020-05-04 03:38 UTC,N/A,false,N/A,
Artist at Work: Complementary Colors,"Take a look over the shoulder of an artist at work. Mary Jane Begin, an award-winning illustrator and Rhode Island School of Design professor, sits down at the drawing board and explains how complementary colors—colors on opposite sides of the color wheel—can make your art, illustrations, and designs more compelling and vibrant. Learn how to layer colors of different hues and translucencies, play with light and shadow, and subtract color to create a sense of form. Plus, learn to neutralize a color's intensity simply by mixing it with its complement. Mary Jane illustrates these concepts through pastel on paper, but they can be applied to all types of media including digital endeavors.<br><br>Mary Jane uses the following materials in this course:
<ul>
<li>Arches 140 lb hot press paper</li>
<li>Tube watercolors- Winsor & Newton Cotman brand</li>
<li>Paper stumps for blending</li>
<li>Pastels- a variety of stick and pencil forms (including Conte pastel pencils) </li>
<li>Short, fat, fine-bristle Winsor & Newton #2 and #4 brushes (for scrubbing color off) </li>
<li>Sceptre Gold II sable/synthetic blend #3, #6, and #10 brushes</li>
<li>Winsor & Newton Cotman brand 25 mm/1 in. flat brush (for washes) </li>
</ul>",Course,2020-05-10 05:28 UTC,N/A,false,N/A,
Mathematica 11 Machine Learning,"Learn how to analyze data using the machine learning capabilities built into Mathematica 11. In this course, Curt Frye provides an overview of machine learning tasks, explains how to separate training data from test data, and shows how to import data from a file. He also demonstrates how to prepare data for machine learning, including how to replace values near zero with zero and sort elements using a rule. Curt also covers determining functions that generate data and performing supervised machine learning tasks.",Course,2018-08-11 01:10 UTC,N/A,false,N/A,
Processing: Interactive Data Visualization,"Start communicating ideas and diagramming data in a more interactive way. In this course, author Barton Poulson shows how to read, map, and illustrate data with Processing, an open-source drawing and development environment. On top of a solid introduction to Processing itself, this course investigates methods for obtaining and preparing data, designing for data visualization, and building an interactive experience out of a design. When your visualization is complete, explore the options for sharing your work, whether uploading it to specialized websites, embedding the visualizations in your own web pages, or even creating a desktop or Android app for your work.",Course,2020-04-30 23:12 UTC,N/A,false,N/A,
Guy Kawasaki on Turning Life Wisdom into Business Success,"Get career advice from a real ""wise guy."" In this course, based on his book <i>Wise Guy</i>, one of the world's leading corporate evangelists, Guy Kawasaki, talks about how he built his career. Learn how he landed his first real job in the jewelry business—which turned out to be surprisingly useful training for the tech world. Find out why some of the riskiest moves he made at Apple—disparaging a potential partner and trading jabs with Steve Jobs—paid off. Guy also reveals how taking up surfing at the age of 62 sparked a new passion. In total, Guy covers everything from moral values to business skills to parenting. As he writes, “I hope my stories help you live a more joyous, productive, and meaningful life. If <i>Wise Guy</i> succeeds at this, then that’s the best story of all.”<br><br>

This course was created by <a href=""https://genconnectu.com/"" target=""_blank"">genconnectU</a>. We are pleased to offer this training in our library.",Course,2020-10-21 10:13 UTC,N/A,false,N/A,
Computer and Text Neck Stretching Exercises,"Our necks bear the brunt of the stress when we spend too much time looking at screens. Taking a break is the best solution, but sometimes we can’t afford to go offline. Luckily, with simple corrections to your posture and typing habits, you can eliminate injury to this sensitive area. Join Dr. Baxter Bell for this series of exercises that can help relieve and prevent neck pain. Discover the proper way to stretch your back and neck, lengthen your neck muscles and upper spin, deepen your breath, and get the blood flowing through your body. Plus, learn a simple exercise that will benefit your neck and your wrists.<br><br>

Note: This course was created and produced by <a href=”https://www.desk-yogi.com” target=”_blank”>Desk Yogi</a>.",Course,2020-10-31 12:54 UTC,N/A,false,N/A,
Career Advice from Some of the Biggest Names in Business ,"What if you could get career advice from the world's most influential thinkers, leaders, and innovators? People who have run the top companies, created the most beloved brands, transformed industries, and changed the world? Now you can. This course brings together the best insights from our collection of interviews with LinkedIn Influencers. CEOs such as Richard Branson, Bill Gates, Indra Nooyi, and Meg Whitman reveal what it takes to get your foot in the door and then work your way up. Discover why Starbucks founder Howard Schultz thinks that conviction is so critical, how Oprah found her vision, and what actress Priyanka Chopra does to find the next challenge. Each interview provides short and thoughtful tips you can use to propel your own career in the right direction.",Course,2020-11-18 02:27 UTC,N/A,false,N/A,
Python: Data Analysis (2015),"If you're going to work with big data, you'll probably be using R or Python. And if you're using Python, you'll be definitely using Pandas and NumPy, the third-party packages designed specifically for data analysis. This course provides an opportunity to learn about them. Michele Vallisneri shows how to set up your analysis environment and provides a refresher on the basics of working with data containers in Python. Then he jumps into the big stuff: the power of arrays,  indexing, and DataFrames in NumPy and Pandas. He also walks through two sample big-data projects: one using NumPy to analyze weather patterns and the other using Pandas to analyze the popularity of baby names over the last century. Challenges issued along the way help you practice what you've learned.",Course,2019-07-22 05:06 UTC,N/A,false,N/A,
Portrait Photography: High School Seniors,"The senior portrait is a traditional rite of passage for high school students. An effective portrait captures the personality of the subject and is often shot on location or outdoors. In this course, photographer and educator Derrick Story explores the art and technique of modern senior portraiture, from working with the student and his or her parents to plan a shot list, to shooting indoors and out, to delivering the final shots. For the freelance photographer interested in senior portraiture as a business, Derrick discusses topics such as developing a pricing strategy and setting up an affordable and portable studio. He also examines gear and workflow considerations, including lighting, sharing proofs, and post-processing your photos in Lightroom, Capture One Pro, and Photos for macOS.",Course,2020-05-12 04:40 UTC,N/A,false,N/A,
Creating Great First Impressions,"First impressions matter. Whether you're walking into a meeting, interview, or negotiation, you need to know how to instantly build rapport. Luckily, the ability to make a lasting first impression isn't an innate skill; there's actually a science to it. In this course, Vanessa Van Edwards—lead investigator at Science of People, a human behavior research lab—shares research-backed strategies that can help you make the first few seconds of any interaction count. Vanessa dives into the body language that is essential to an engaging first impression, the vocal cues that help you sound confident both in person and on the phone, and the best opening lines for sparking a great conversation. Plus, get tips for changing dull small talk into a lively and memorable conversation.",Course,2020-04-30 23:39 UTC,N/A,false,N/A,
Social Network Analysis Using R,"<em>Social Network Analysis Using R</em> teaches analysts how to visualize and analyze data from a social network like Twitter or Facebook with the text-based statistical language, R. If you're involved in analytics in any capacity, this course will be a huge help, teaching you how the R sna and igraph modules works and how to format data for analysis, create graphs, analyze network graphs, and visualize networks. Join instructor Curt Frye and learn how to examine the relationships and trends among networks in new and exciting ways, and discover information about how individuals in an organization interact.",Course,2020-04-06 12:37 UTC,N/A,false,N/A,
CONTENT METADATA NO LONGER EXISTS - urn:li:lyndaCourse:2811722,CONTENT METADATA NO LONGER EXISTS - urn:li:lyndaCourse:2811722,Course,2020-06-02 05:24 UTC,N/A,false,N/A,
Learning Personal Branding,"You are the most powerful marketing tool at your disposal. If you are starting a business, establishing your thought leadership, or trying to get ahead in your career, it's a great time to start investing in the brand of you. Learn the secrets of personal branding in this course with marketing expert Chelsea Krost. Chelsea explains how to develop your story, craft your messaging, and define your audience. Then she walks you through building your brand presence online and off, creating a calendar that will help you stay on top of social media and keep your content fresh. Plus, get tips to monetize your personal brand and land speaking engagements and guest roles.",Course,2020-04-17 13:51 UTC,N/A,false,N/A,
Leading with Intelligent Disobedience,"As a leader, it's your job to ensure your team is complying with existing rules and processes. But there will be times when diverging from the status quo is what's best for your company. The ability to do this—to confidently and respectfully disobey—is a core skill for today's leaders. In this course, uncover the principles of intelligent disobedience, and discover how to employ it to your advantage throughout your organization. Join Bob McGannon as he provides you with a rulebook for breaking the rules. Bob shares why every company needs intelligent disobedience, what to do when managers don't want to hear about issues in their business, how to overcome your own hierarchy, and much more.",Course,2020-05-19 09:00 UTC,N/A,false,N/A,
Learning Python,"Python—the popular and highly readable object-oriented language—is both powerful and relatively easy to learn. Whether you're new to programming or an experienced developer, this course can help you get started with Python. Joe Marini provides an overview of the installation process, basic Python syntax, and an example of how to construct and run a simple Python program. Learn to work with dates and times, read and write files, and retrieve and parse HTML, JSON, and XML data from the web.",Course,2020-06-02 05:25 UTC,N/A,false,N/A,
Lighting with Flash: Capturing a Dancer in Motion,"In this installment of the <em>Lighting with Flash</em> series, photographer and Strobist.com publisher David Hobby demonstrates using strobes to freeze action while capturing the strength and grace of a dancer in motion. After working through the lighting challenges of a dance studio, David sets up a white, seamless background and shoots some test shots, adjusting the flash units to create a white ""blow-away"" background that will enable the photo to be easily composited. Next, he photographs the dancer, working with her to capture a relaxed expression as she leaps and strikes various poses. After the action shots, David lights and shoots a portrait.",Course,2020-05-06 12:53 UTC,N/A,false,N/A,
Leadership Stories: 5-Minute Lessons in Leading People,"Join expert storyteller Paul Smith to get engaging insights into leadership. Drawing on his exclusive, one-on-one interviews with over 250 CEOs and executives around the world, Paul reveals experiences that led these leaders to learn a critical lesson or gain some invaluable-and often unconventional-wisdom. Each video is centered around a single story. He covers topics such as setting a vision, leading change, and getting more creativity out of an organization. Think of this series as a fireside chat with someone who's had the luxury of interviewing some of the most insightful executives in the world.",Course,2020-04-06 12:37 UTC,N/A,false,N/A,
Influencer Interview: Oprah Winfrey,"Go behind the scenes with Oprah Winfrey and LinkedIn CEO Jeff Weiner as they discuss Oprah's career, the power of intention, and SuperSoul Sunday.<br><br>
 
In the first segment, Oprah discusses her start in television, the guiding force behind her show, and how her current work is all about connection, spirituality, and the earth. In the second, Oprah talks about the power of belief and intention, and how to determine what ""you ultimately want to do"" and the joy of ""getting it."" In the final segment, Oprah talks about SuperSoul Sunday and how we are all looking for validation.",Course,2020-05-21 04:37 UTC,N/A,false,N/A,
Lighting with Flash: The Basics,"In the <em>Lighting with Flash</em> series, photographer and <em>Strobist</em> blog publisher David Hobby demonstrates how to use compact flash units in a variety of lighting scenarios. In this first installment, he covers the basics, starting with ambient window light and ending with a four-light shoot of a model. Along the way, the course covers a variety of fundamental lighting concepts as well as accessories such as ring lights and softboxes. The course includes diagrams and detailed explanations of the lighting setups.",Course,2020-05-08 02:43 UTC,N/A,false,N/A,
R Programming in Data Science: Setup and Start,"R is powerful, but not intuitive. There is a strong and diverse R ecosystem, and data scientists are expected to mix and match from the different versions and packages. Before you can even begin programming, you have to choose, install, and set up R to work for you.<br><br>

In this course, Mark Niemann-Ross provides a direct and efficient introduction to the many flavors of the R programming language, including base R, tidyverse R, R Open from Microsoft, and Bioconductor R. He also provides a peek at programming with R interactively and via the command line, and introduces some helpful packages for working with SQL, 3D graphics, data, and clusters in R. At the end of this short course, you will have installed a version of R along with a few core libraries and an optimized IDE.",Course,2020-03-26 13:49 UTC,N/A,false,N/A,
After Effects 2020 New Features,"After Effects 2020 is here. Want to know how this new version will impact your motion graphics workflow? This course covers the latest upgrade, focused around the new, more powerful Content-Aware Fill. Discover how to remove an object, create a reference frame, and remove a logo on a smooth surface with this intelligent editing tool. Instructor Mark Christiansen provides practical tips to help you get the most from this forward-looking update.",Course,2020-05-14 11:55 UTC,N/A,false,N/A,
Beginning Blues Keyboard,"Learn how to play blues piano. In this course, Tricia Woods dives into the basic building blocks of blues, and helps you acquire the skills you need to really sound like a blues player. To begin, Tricia demonstrates the chord progressions for the 12-bar blues—the most classic of all blues forms. Next, she discusses the blues scale, dominant chords, comping, turnaround, endings, introductions, boogie-woogie bass lines, and more.<br><br>

Note: This course was created and produced by Alfred Music. We are honored to host this training in our library.",Course,2020-05-05 08:37 UTC,N/A,false,N/A,
Creating Interactive Presentations with Shiny and R,"Analyzing big data is great, but not if you can't share your results. In this course, Martin Hadley shows how to create interactive presentations of large data sets with R, RStudio, and Shiny, an R-based tool for producing interactive, web-ready data visualizations. Learn why these tools are important to data scientists, how to configure and install them, and how to use them to make your findings more clear and engaging.<br><br> 

Discover the different types of presentations you can make right out of the box with R Markdown templates (built right into RStudio) and how to customize the templates with CSS. Find out how to register for RPubs to deploy RStudio presentations for sharing, and then go beyond the basics with Shiny—adding interactivity and creating embeddable dashboards without the need for HTML or JavaScript.<br><br> 

This is an exciting course for analysts who want to increase the relevance and visibility of their work. Make sure to watch the knowledge checks at the end of each chapter to test your new skills.",Course,2020-03-25 03:47 UTC,N/A,false,N/A,
Drawing Foundations: Figure,"Learn the foundations of figure drawing: techniques for bringing the human form to life on paper. Artist and teacher Amy Wynne breaks down a classical approach to figure drawing into simple steps: capturing gesture and motion, mapping out structure and form, understanding the common ""landmarks"" of the body, drawing proportionally, and adding volume with shapes and shadows. Filmed on premise in a professional art studio, this course shows how to work with live models and different drawing materials. It's ideal for beginners who are just learning to draw the human figure as well as experienced artists who want to brush up their drawing skills. Follow along with Amy's tutorials and then use the worksheets and sample poses in the exercise files to practice figure drawing in your own time.",Course,2020-04-30 23:12 UTC,N/A,false,N/A,
Sheryl Sandberg and Adam Grant on Option B: Building Resilience,"Dodging adversity is often not a choice. Encountering a devastating event—the gut-wrenching kind that zaps away joy—is an inevitability of life. In their <em>New York Times</em> best-selling book <em>Option B: Facing Adversity, Building Resilience, and Finding Joy</em>, Facebook COO Sheryl Sandberg and Wharton psychologist Adam Grant share their insights on building resilience in the face of such setbacks. They offer practical steps you can take to reimagine and rebuild your life when your first choice—your Option A—is no longer on the table, and you're faced with the task of making the absolute best of Option B. This course highlights some of the powerful topics in this book, including how to talk to friends and colleagues who are hurting when you're not sure what to say, how to fight the idea that the hurt you're feeling is permanent, and how to give yourself permission to experience happiness again.<br><br> For additional resources and support, check out <a href=""https://optionb.org/"" target=""_blank""> OptionB.Org</a>, a nonprofit initiative dedicated to helping individuals build resilience in the face of adversity.",Course,2020-04-27 11:51 UTC,N/A,false,N/A,
"Advanced SAS Programming for R Users, Part 1","SAS is one of the most used data analytics platforms in the world. Enhance your programming skillset by learning how to apply your understanding of R— the language of big data—in the SAS environment at an advanced level. Instructor Jordan Bakerman covers several different advanced techniques for analyzing data via inferential procedures. Learn about linear regression with PROC REG, estimating linear combinations with the general linear model procedure, mixed models and the MIXED procedure, and more.<br><br>

Note: You can visit the <a href=""https://www.sas.com/en_us/software/university-edition.html""_blank"">SAS site</a> to obtain a copy of the software, and use the company's online data sets to do the course exercises.",Course,2020-03-18 04:07 UTC,N/A,false,N/A,
Learning Python GUI Programming,"Learn how to create effective graphical user interfaces (GUIs) with minimal code using Python. Burkhard Meier starts by showing how to create a GUI form, add widgets, manage the resulting layout, and customize the look and feel of the interface. Then, he takes you through working with data, classes, and making charts using the 2D Python plotting library, Matplotbil. Next, he discusses how threading and networking impact the performance of your code. Later in the course, he advances on to working with databases, testing application GUIs, extending a GUI using the wxPython library, and creating 3D GUIs by using PyOpenGL and Pyglet. As you follow along with Burkhard throughout this course, you will develop an entire application's GUI.<br><br>Note: This course was created by Packt Publishing. We are pleased to host this training in our library.",Course,2018-11-07 01:16 UTC,N/A,false,N/A,
R Programming in Data Science: High Volume Data,"Data fills all available space, and now that storage is cheap, the amount of data has exploded. However, all that information is useless without analysis and context. The R programming language is designed to make it easier to analyze and visualize massive amounts of data. For example, R provides the ability to multiply one block of variables by another—an assumption that provides inherent advantages over other languages. This course shows why R is ideal for high volumes of data, introduces more efficient ways to use the language, and explains how to avoid the problems and capitalize on the opportunities of big data. Learn how to determine if you have enough memory and processing power, produce visualizations of big data, optimize your R code, and use advanced techniques such as parallel processing to speed up your computations. Plus, discover how to integrate R with big-data solutions such as SQL databases and Apache Spark.",Course,2020-04-15 05:08 UTC,N/A,false,N/A,
Selling with Empathy during Uncertain Times,"It's only natural that uncertain economic conditions create anxiety for salespeople and buyers alike. But a shift in your focus can help you quiet the fear and show up for customers when they need you most. Join Lisa McLeod as she helps you navigate selling in uncertain times. Lisa and her team have coached hundreds of sales professionals through economic turbulence, product launch failures, and other difficulties. In this course, she provides an empathetic, customer-centric approach to sales that will help you connect with customers, solve their most urgent problems, and identify the most authentic version of yourself. Use these tips to rise to the challenge and turn uncertain times into an opportunity to succeed.",Course,2020-11-30 05:25 UTC,N/A,false,N/A,
Executive Presence on Video Conference Calls,"Learn how to shine on video conference calls. Communication consultant Jessica Chen provides expert advice to look and sound confident, collected, and smart on your next conference call or video presentation. Discover how to prepare your material, how to contribute to the call, and how to incorporate engaging visuals. Get body language, posture, and wardrobe tips to make a powerful impression. Finally, learn the technical details to building a mini ""studio"" for conducting calls, including choosing a webcam, lighting yourself, and placing a microphone for quality sound. <br><br>Note: This course was featured in <i>Market Watch</i>, <i>Inc.</i>, <i>Fortune</i>, <i>Forbes</i>, and <i>Entrepreneur</i>.",Course,2020-04-26 05:18 UTC,N/A,false,N/A,
Learning MATLAB,"MATLAB is one of the most popular programming languages today for engineers and scientists, and with good reason-it allows analysts to work efficiently with large amounts of data. Instructor Steven Moser shows you how to harness the MATLAB tools and create programs to model your own data and hypotheses. First, learn how to create basic variables and cell arrays, and work with the core MATLAB syntax, which is significantly different than other programming languages. Then discover how to create scripts and functions, work with matrices, debug your program, and import data. To illustrate your findings, Steven shows how to create 2D and 3D plots, add annotations, and incorporate images. The final chapter covers Simulink, the MATLAB block diagram tool.",Course,2020-04-24 14:27 UTC,N/A,false,N/A,
Marketing Foundations: Integrated Marketing Strategies,"The evolving media landscape has resulted in the omnichannel consumer, who uses traditional, digital, and social media. Integrated marketing is all about how marketers can leverage the best of these channels to engage their customers. Learn how <em>brand choreography</em>, an innovative integrated marketing communications (IMC) framework, can help breathe new life into your marketing efforts. TEDx speaker and author Mark Burgess helps you use brand choreography—and real-world best practices established by leading brands—to deliver the right message, to the right customers, at the right place and the right time.<br><br>

Learn about brand value propositions, strategic positioning, buyer personas, the latest thinking on content marketing, and traditional, digital, mobile, and social marketing vehicles. Discover how metrics can help you make better data-driven decisions. Find out how to develop integrated campaigns that offer better customer experience and better ROI.",Course,2019-02-15 08:39 UTC,N/A,false,N/A,
Data Wrangling in R,"Tidy data is a data format that provides a standardized way of organizing data values within a dataset. By leveraging tidy data principles, statisticians, analysts, and data scientists can spend less time cleaning data and more time tackling the more compelling aspects of data analysis. In this course, learn about the principles of tidy data, and discover how to create and manipulate data tibbles—transforming them from source data into tidy formats. Instructor Mike Chapple uses the R programming language and the tidyverse packages to teach the concept of data wrangling—the data cleaning and data transformation tasks that consume a substantial portion of analysts' time. He wraps up with three hands-on case studies that help to reinforce the data wrangling principles and tactics covered in this course.",Course,2020-03-22 11:13 UTC,N/A,false,N/A,
Excel: You Can Do This,"Excel scares a lot of people. Terms like PivotTables, VLOOKUP, and circular references make their heads spin. But once you have a basic grounding in Excel, you can do all these things and more. Follow along with Excel MVP Oz du Soleil in this fast-paced course, as he walks you through features, functions, and commands such as Freeze Panes, Flash Fill, COUNTIFS, and even VLOOKUP. Oz takes the bite out of the most intimidating features in Excel, so you can get more mileage every time you use it.",Course,2020-05-14 11:25 UTC,N/A,false,N/A,
Flipping the Classroom,"Turn your classroom upside down and find more time for teaching. In this course, educator Aaron Quigley demonstrates how to ""flip"" your K–12 or college classroom by initiating learning online <em>before</em> class begins. This new approach allows teachers to reinforce and delve more deeply into content in person, while sending students home with new material. In this presentation, Aaron shows how and why flipped classrooms work, addresses the possible drawbacks (like what to do when students don't have technology at home), and provides tips for implementing a flipped classroom at your school.",Course,2020-04-09 10:59 UTC,N/A,false,N/A,
Data Visualization in R with ggplot2,"Discover how to create informative and visually appealing data visualizations using ggplot2, the leading visualization package for R. In this course, Mike Chapple shows how to work with ggplot2 to create basic visualizations, how to beautify those visualizations by applying different aesthetics, and how to visualize data with maps. Throughout the course, Mike also covers key concepts such as the grammar of graphics and how to apply different geometries to visualize data. To wrap up, he shares a case study that lends a practical context to the concepts covered in the course.",Course,2020-03-29 23:41 UTC,N/A,false,N/A,
Body Language and Women at Work,"How do you communicate using body language as a professional? In this course, learn how to be aware of your body language, and how you can use your body language to convey power, authority, and interest in what others have to say. Instructor Dorie Clark shares research on body language and gender to help you assess your own approach to what you say and do.  She dives into the components of body language, explaining what research tells us about how we use our feet, hands, face, and voice when interacting with others at work. Plus, she shares strategies for using body language to signal that you're really present in a situation.",Course,2020-04-17 12:12 UTC,N/A,false,N/A,
Creating Aircraft Profiles with Adobe Illustrator and Photoshop,"Learn to use Adobe Illustrator and Photoshop to create realistic and beautiful aircraft profiles. Designer William Everhart teaches you how to research your subject and gather reference material (in his case, for a classic WWII American fighter, the Mustang), and then prep an Illustrator document for this unique workflow. He shows how to create the line work for your illustration, and add base colors, camouflage, and unit markings. Then the drawing is handed off to Photoshop, where William adds depth and signs of realistic wear and tear. The results are saved to a final master file and exported in two formats: one for the web and one worthy of printing and displaying on a wall",Course,2020-05-19 08:58 UTC,N/A,false,N/A,
Statistics Foundations: 2,"Statistics are a core skill for many careers. Basic stats are critical for making decisions, new discoveries, investments, and even predictions. But sometimes you need to move beyond the basics. <em>Statistics Fundamentals – Part 2</em> takes business users and data science mavens into practical, example-based learning of the intermediate skills associated with statistics: samples and sampling, confidence intervals, and hypothesis testing.<br><br>

Eddie Davila first provides a bridge from <em>Part 1</em>, reviewing introductory concepts such as data and probability, and then moves into the topics of sampling, random samples, sample sizes, sampling error and trustworthiness, the central unit theorem, t-distribution, confidence intervals (including explaining unexpected outcomes), and hypothesis testing. This course is a must for those working in data science, business, and business analytics—or anyone else who wants to go beyond means and medians and gain a deeper understanding of how statistics work in the real world.",Course,2020-03-20 12:33 UTC,N/A,false,N/A,
Gretchen Rubin on Creating Great Workplace Habits,"<em>Gretchen Rubin on Creating Great Workplace Habits</em> is a practical and focused approach on how to apply noted happiness and habits expert Gretchen Rubin's eye-opening research to the workplace. Gretchen explains the Four Tendencies individuals have and how they drive our habits, as illustrated in her book <em>Better Than Before: What I Learned about Making and Breaking Habits—to Sleep More, Quit Sugar, Procrastinate Less, and Generally Build a Happier Life</em>. She introduces practical strategies to create better work habits and tips for ongoing success. With these techniques, you can build the foundation for a happier, healthier, and more productive life.",Course,2020-05-11 01:31 UTC,N/A,false,N/A,
Data Science Foundations: Python Scientific Stack,"Data science provides organizations with striking—and highly valuable—insights into human behavior. While data mining can seem a bit daunting, you don't need to be a highly-skilled programmer to process your own data. In this hands-on course, learn how to use the Python scientific stack to complete common data science tasks. Miki Tebeka covers the tools and concepts you need to effectively process data with the Python scientific stack, including Pandas for data crunching, matplotlib for data visualization, NumPy for numeric computation, and more.",Course,2018-08-14 22:46 UTC,N/A,false,N/A,
Delivering an Authentic Elevator Pitch,"Find out how to craft an authentic personal pitch while projecting competence and warmth—two key factors in making a great first impression. Instructor Tatiana Kolovou shares how building trust with people and making a positive first impression isn’t a matter of magic. Tatiana reveals how verbal and nonverbal behaviors can influence the way people react in an initial meeting, whether in person, over the phone, or online.",Course,2020-10-17 07:32 UTC,N/A,false,N/A,
Inclusive Instructional Design,"Does the training you create really reflect your audience? Have you considered someone’s geographical location, learning preference, or accommodation needs? These types of questions should be core to the instructional design process. In this course, learn how to make sure your training is inclusive by considering everything from your graphics to the subject matter experts (SMEs) you select. Instructor Samantha Calamari illuminates ways in which individuals with different learning styles, abilities, and cultural backgrounds can be left out of traditional learning experiences. Throughout the course, she shares techniques and design methods that can help your training resonate with these—and all potential—audiences.",Course,2020-04-26 01:06 UTC,N/A,false,N/A,
How to Give Negative Feedback to Senior Colleagues,"Ever been in a situation where you don't quite agree with something your boss said? Maybe you feel your manager could have dealt with a situation slightly differently? There will come a time in your career when you need to provide feedback to a boss or senior colleague. Good bosses will understand your feedback is coming from a good place, but starting the conversation can be tricky. This course—designed by Aimee Bateman, career expert and founder of Careercake—explains how you can develop the confidence and communication skills necessary to deliver productive feedback up the chain and have effective conversations with managers and senior colleagues.<br><br>

This course was created by <a href=”https://www.careercake.com/” target=”_blank”>Careercake</a>, the careers content platform. We are pleased to host this training in our library.",Course,2020-05-13 03:38 UTC,N/A,false,N/A,
Electric Bass Lesson: Fundamentals,"Now you can learn to play electric bass from one of the true masters. Join legendary artist Billy Sheehan as he reveals the techniques and secrets behind his success as one of the most respected players of all time. Billy has played bass on dozens of records (from David Lee Roth to Mr. Big) and toured all over the world for decades. Here he starts with the basics: right hand and left hand, slap and pop. He shows how to break down a lick, play in time, lock in with the drums, and adapt your bass playing to different styles, including country and heavy metal. Plus, get practical advice on amplifying your sound, changing strings, and tuning your instrument. These are the absolute essentials any musician needs to know to play bass in any genre—as taught by an industry legend.",Course,2020-04-28 23:28 UTC,N/A,false,N/A,
Objectified,"On an average day, each of us uses hundreds of objects. (Don't believe it? Start counting: alarm clock, light switch, faucet, shampoo bottle, toothbrush, razor…) But who makes all these things, and why do they look and feel the way they do? How can good design make objects, and our lives, better?<br><br>

<em>Objectified</em> is a documentary about industrial design; it's about the manufactured objects we surround ourselves with, and the people who make them. Gary Hustwit, the director of <em>Helvetica</em>, talks with Dieter Rams, Marc Newson, Jonathan Ive, and other renowned designers behind some of the world's most iconic products. lynda.com is proud to offer this film to our members, along with over one hour of online-exclusive bonus movies.",Course,2020-05-21 04:38 UTC,N/A,false,N/A,
Figure Drawing: Tonal Rendering,"How can you make a good figure drawing into a great figure drawing? Give it drama with tonal rendering. This course—taught on the iPad Pro—provides you with step-by-step demonstrations that can help you enhance the dimensionality and drama of your figure drawings using tonal rendering techniques. Instructor Amy Wynne starts by demonstrating how to create a five-part tonal gradient, and then shows how to apply this to simple 3D geometric shapes such as an egg, a cylinder, and a block; these shapes serve as the building blocks for constructing your figures. Amy also shows how to build the figure from the inside out—from structure to tonality—and apply silhouette and camouflage using inspiring master drawings as examples. Upon completing this course, you'll be equipped with a few simple techniques that can help you add beautiful lights and shadows to your figure sketches.",Course,2020-04-21 03:24 UTC,N/A,false,N/A,
Chief Technology Officer Career Guide,"Chief technology officers (CTOs) shape both what a company makes and the culture in which it's made. Along with providing innovative solutions and building stellar products on time and on budget, CTOs must curate a solid engineering team and spread the good word about the technology they help to create. In this course, Drew Falkman, who has been a CTO at several companies, shares his hard-won understanding of what great CTOs are made of. 

Unlike other technical roles—which can be quite solitary—CTOs must excel at working with and motivating others. Drew begins the course by sharing management tips and techniques, including how to hire a great team, create a healthy corporate culture, enhance team communications, and get rid of toxic employees. Next, he covers product and project management—explaining how to guide an efficient product life cycle—and examines technology challenges like choosing a platform and supporting research and development. As many potential CTOs are more comfortable diving into the nitty-gritty of a tech issue than taking the podium at a meeting or conference, Drew makes sure to clearly and effectively cover the communication, marketing, and entrepreneurial nature of the job. Learn how to enhance your public speaking skills, run efficient meetings, help with product launches, navigate the world of finance, and more.",Course,2020-04-08 04:55 UTC,N/A,false,N/A,
The Making of Amsterdam Mist: The Natural Elements,"Follow along in the development of Bert Monroy's latest artwork, <em>Amsterdam Mist</em>! This course, the second volume in the series, focuses on the natural elements in this incredible painting, created over twenty-two painstaking months with Photoshop CC. Learn how Bert rendered the trees lining the canal—the branches, bark, and remaining leaves—as well as the reflections and ripples on the surface of the canal waters. Then see how he added a sense of depth and realism to the fog in the scene, with layers. Watch and learn how to apply these techniques to your own artwork.",Course,2020-05-25 07:30 UTC,N/A,false,N/A,
Managing High Potentials,"Managing high potentials gives you an opportunity to pave the way for some of your organization's strongest talent. High potentials are employees who are most likely to be promoted to—and succeed in—leadership roles. By strategically helping these professionals to grow and expand their responsibilities, you can have a significant impact on the future or your organization. Leadership expert Sara Canaday helps you understand the mindset and motivations of high potentials so you can meet their expectations and provide them with the appropriate level of support and development.",Course,2020-05-02 05:39 UTC,N/A,false,N/A,
How to Succeed in an Internal Job Interview,"Many candidates and even hiring managers consider internal interviews a formality, but taking the process seriously and preparing appropriately can help you avoid common mistakes. Instructor Jena Viviano shares the right way to approach an interview at your current company, including research to do in advance and questions to expect during the interview. Jena also covers how to answer questions about your current position, how to follow up after the interview, and how to behave if you aren't selected for the position.",Course,2020-05-28 04:02 UTC,N/A,false,N/A,
Ken Blanchard on Servant Leadership,"Self-serving leaders can be both destructive and highly ineffective. By making leadership all about them, they create a negative working environment where employees often lack the motivation to produce their best work. In this concise course, Ken Blanchard—a pioneer in the leadership space—shares his insights on servant leadership. Ken discusses practical ways for leaders to implement this approach in their organization, covering habits of servant leaders, how to create a servant leader culture, and how to manage effectively. Upon completing this course, you'll have a greater understanding of how to operate as a servant leader, and shift your focus from yourself to your employees and what you're ultimately trying to accomplish.",Course,2020-11-04 07:08 UTC,N/A,false,N/A,
Building Relationships While Working from Home,"Working from home removes distractions, but also eliminates important face-to-face interactions. Home-based workers often report feeling disconnected, isolated, and alone. This course teaches us how to create professional yet personal connections with remote team members and how to satisfy that missing element of closeness that people get when they are together at work. Productivity expert Dave Crenshaw explains how to reach out to others, be authentic online, build a great reputation, and make meaningful connections with your peers. These tips are invaluable for anyone working from home—and particularly relevant for those working under the challenging conditions brought about by the COVID-19 pandemic. Take the time to watch this course and invest the time and skills it takes to rekindle your most valuable relationships at work.<br><br>

This course was created by Dave Crenshaw and Invaluable Inc. We are pleased to offer this training in our library.",Course,2020-11-03 04:10 UTC,N/A,false,N/A,
