Company Name,Title,Description,Location,Started On,Finished On
The University of Western Australia,CSIRO-UWA Chair in Complex Engineering Systems,"Engineering systems are increasingly complex and interconnected. The aim of Complex Engineering Systems is to develop and apply the science of Complexity to understand how to best model, manage and control engineering systems consisting of a large number of interacting components. Professorial Research Chair in Complex Systems and Applied Dynamical Systems.",,Aug 2015,
AIP Publishing,Editor of Chaos,,,Jun 2016,
Transforming Maintenance through Data Science; an ARC Training Centre,Theme Leader,Research programme leader. Developing data science methods for predictive maintenance in the resources industry.,,Feb 2019,
The University of Western Australia,Winthrop Professor,"Research and Teaching in modern applied mathematics: complex systems, nonlinear dynamical systems and data intensive science. Professor of Applied Mathematics.","Perth, Australia",Jan 2013,
The University of Western Australia,Australian Research Council Future Fellow,Research in complex systems and nonlinear dynamical systems.,,Jan 2012,Jan 2016
Hong Kong Polytechnic University,Associate Professor,"Research and teaching - complex systems, communications, electronic engineering, and bioengineering.",,2000,2012
Heriot-Watt University,Research Associate,Research in nonlinear time series analysis and nonlinear dynamical systems - applied to cardiac dynamics.,,1998,2000
Stellenbosch University,Research,Research in financial modeling,,Aug 1998,Nov 1998
The University of Western Australia,Research Officer,Research in dynamical systems,,Feb 1998,Jul 1998
Princess Margaret Hospital for Children,Research Assistant,Research in mathematical modelling of infant respiration,,Feb 1995,Jan 1996
